origin,destination,count,Cat
ae,af,0,19,Pos
ae,dz,0,19,Pos
ae,ao,0,1,Pos
ae,ar,0,16,Pos
ae,am,0,1,Pos
ae,au,-1,6,Neg
ae,at,0,11,Pos
ae,az,0,24,Pos
ae,bh,0,9,Pos
ae,bd,0,21,Pos
ae,by,0,12,Pos
ae,be,0,51,Pos
ae,br,0,81,Pos
ae,bg,0,17,Pos
ae,cm,0,2,Pos
ae,ca,-2,96,Neg
ae,cl,0,2,Pos
ae,cn,0,86,Pos
ae,co,0,2,Pos
ae,hr,0,16,Pos
ae,cy,0,14,Pos
ae,cz,0,24,Pos
ae,dk,0,13,Pos
ae,eg,9,2,Pos
ae,et,0,11,Pos
ae,fi,0,7,Pos
ae,fr,3,19,Pos
ae,ge,0,5,Pos
ae,de,0,15,Pos
ae,gh,0,38,Pos
ae,gr,0,43,Pos
ae,hk,0,17,Pos
ae,hu,0,12,Pos
ae,in,91,75,Pos
ae,id,0,35,Pos
ae,ir,0,18,Pos
ae,iq,0,2,Pos
ae,ie,0,64,Pos
ae,it,2,22,Pos
ae,jp,0,3,Pos
ae,jo,4,93,Pos
ae,kz,0,25,Pos
ae,ke,0,61,Pos
ae,kr,0,34,Pos
ae,kw,1,28,Pos
ae,lb,4,25,Pos
ae,ly,0,2,Pos
ae,lu,0,4,Pos
ae,mk,0,17,Pos
ae,my,0,74,Pos
ae,mt,0,3,Pos
ae,mu,0,11,Pos
ae,mx,0,12,Pos
ae,ma,0,76,Pos
ae,mm,0,22,Pos
ae,np,0,22,Pos
ae,nl,1,2,Pos
ae,nz,0,25,Pos
ae,ng,1,36,Pos
ae,no,0,14,Pos
ae,om,2,11,Pos
ae,pk,23,63,Pos
ae,ph,10,91,Pos
ae,pl,0,54,Pos
ae,pt,0,57,Pos
ae,qa,2,38,Pos
ae,ro,2,15,Pos
ae,sa,2,44,Pos
ae,rs,0,66,Pos
ae,sg,1,47,Pos
ae,sk,0,4,Pos
ae,za,2,45,Pos
ae,es,1,23,Pos
ae,lk,1,37,Pos
ae,sd,0,69,Pos
ae,se,0,Pos
ae,ch,0,8,Pos
ae,sy,1,1,Pos
ae,tw,0,Pos
ae,tz,0,4,Pos
ae,th,0,12,Pos
ae,tn,0,31,Pos
ae,tr,1,17,Pos
ae,ug,0,16,Pos
ae,ua,1,39,Pos
ae,gb,12,41,Pos
ae,us,17,Pos
ae,uz,0,23,Pos
ae,ve,0,11,Pos
ae,vn,0,6,Pos
ae,ps,0,79,Pos
ae,ye,0,19,Pos
ae,zw,0,32,Pos
af,au,2,18,Pos
af,br,3,36,Pos
af,ca,-1,1,Neg
af,cn,2,63,Pos
af,fr,2,74,Pos
af,de,0,56,Pos
af,in,3,47,Pos
af,id,0,45,Pos
af,ir,0,22,Pos
af,iq,-3,36,Neg
af,it,2,69,Pos
af,kw,-1,1,Neg
af,nl,1,34,Pos
af,pk,3,86,Pos
af,za,2,97,Pos
af,es,0,84,Pos
af,se,0,6,Pos
af,tr,0,84,Pos
af,ae,-2,57,Neg
af,gb,-1,57,Neg
af,us,-12,3,Neg
al,be,0,5,Pos
al,br,0,6,Pos
al,ca,-1,35,Neg
al,cn,2,84,Pos
al,fr,0,1,Pos
al,de,-3,84,Neg
al,gr,0,5,Pos
al,in,0,65,Pos
al,it,2,99,Pos
al,nl,0,1,Pos
al,ch,0,35,Pos
al,tr,0,Pos
al,gb,-1,89,Neg
al,us,6,88,Pos
am,ca,-2,81,Neg
am,fr,-1,41,Neg
am,de,-6,93,Neg
am,ir,0,4,Pos
am,ae,-2,51,Neg
am,gb,0,Pos
am,us,-3,31,Neg
ao,br,7,76,Pos
ao,ca,0,38,Pos
ao,cn,0,71,Pos
ao,fr,3,52,Pos
ao,in,1,76,Pos
ao,id,0,8,Pos
ao,it,0,59,Pos
ao,na,3,52,Pos
ao,ng,0,71,Pos
ao,pt,23,24,Pos
ao,za,3,94,Pos
ao,es,0,5,Pos
ao,ae,0,13,Pos
ao,gb,5,2,Pos
ao,us,22,1,Pos
ar,au,0,3,Pos
ar,at,0,1,Pos
ar,be,0,1,Pos
ar,bo,0,3,Pos
ar,br,0,18,Pos
ar,ca,0,2,Pos
ar,cl,0,98,Pos
ar,cn,0,5,Pos
ar,co,0,37,Pos
ar,cr,0,8,Pos
ar,dk,0,6,Pos
ar,do,0,3,Pos
ar,ec,0,13,Pos
ar,fr,0,25,Pos
ar,de,0,35,Pos
ar,in,0,4,Pos
ar,ie,0,16,Pos
ar,il,0,8,Pos
ar,it,0,5,Pos
ar,mx,0,42,Pos
ar,nl,0,13,Pos
ar,nz,0,23,Pos
ar,pa,0,13,Pos
ar,py,0,11,Pos
ar,pe,0,22,Pos
ar,es,0,13,Pos
ar,ch,0,7,Pos
ar,ae,0,8,Pos
ar,gb,0,2,Pos
ar,us,1,96,Pos
ar,uy,0,5,Pos
ar,ve,1,99,Pos
at,ar,0,1,Pos
at,au,0,64,Pos
at,be,0,48,Pos
at,ba,1,4,Pos
at,br,0,65,Pos
at,bg,0,74,Pos
at,ca,0,61,Pos
at,cn,0,7,Pos
at,hr,1,4,Pos
at,cz,0,49,Pos
at,dk,0,3,Pos
at,eg,0,28,Pos
at,fi,0,33,Pos
at,fr,1,53,Pos
at,de,0,95,Pos
at,gr,0,73,Pos
at,hk,0,6,Pos
at,hu,3,56,Pos
at,in,1,16,Pos
at,ir,1,13,Pos
at,ie,0,57,Pos
at,il,0,19,Pos
at,it,3,96,Pos
at,jp,0,1,Pos
at,lu,0,13,Pos
at,mx,0,21,Pos
at,nl,0,18,Pos
at,nz,0,1,Pos
at,no,0,24,Pos
at,pl,0,73,Pos
at,pt,0,31,Pos
at,ro,1,41,Pos
at,rs,1,49,Pos
at,sg,0,4,Pos
at,sk,1,99,Pos
at,si,1,68,Pos
at,za,0,1,Pos
at,es,1,4,Pos
at,se,0,1,Pos
at,ch,-2,83,Neg
at,th,0,15,Pos
at,tr,0,43,Pos
at,ua,1,16,Pos
at,ae,0,39,Pos
at,gb,0,34,Pos
at,us,2,49,Pos
au,af,0,5,Pos
au,ar,0,19,Pos
au,at,0,6,Pos
au,az,0,Pos
au,bh,0,3,Pos
au,bd,0,6,Pos
au,be,0,8,Pos
au,br,1,3,Pos
au,bg,0,4,Pos
au,kh,0,6,Pos
au,ca,0,14,Pos
au,cl,0,2,Pos
au,cn,1,23,Pos
au,co,0,24,Pos
au,hr,0,5,Pos
au,cy,0,2,Pos
au,cz,0,6,Pos
au,dk,0,16,Pos
au,ec,0,1,Pos
au,eg,0,18,Pos
au,ee,0,4,Pos
au,fj,0,6,Pos
au,fi,0,Pos
au,fr,0,25,Pos
au,de,0,41,Pos
au,gh,0,5,Pos
au,gr,0,7,Pos
au,hk,0,69,Pos
au,hu,0,4,Pos
au,in,9,52,Pos
au,id,0,14,Pos
au,ir,0,99,Pos
au,iq,0,4,Pos
au,ie,0,74,Pos
au,il,0,5,Pos
au,it,0,32,Pos
au,jp,0,1,Pos
au,jo,0,5,Pos
au,kz,0,1,Pos
au,ke,0,5,Pos
au,kr,0,8,Pos
au,kw,0,4,Pos
au,lb,0,1,Pos
au,lt,0,2,Pos
au,lu,0,1,Pos
au,my,0,22,Pos
au,mt,0,Pos
au,mu,0,2,Pos
au,mx,0,1,Pos
au,mn,0,1,Pos
au,mm,0,6,Pos
au,np,0,31,Pos
au,nl,0,13,Pos
au,nz,0,15,Pos
au,ng,0,15,Pos
au,no,0,12,Pos
au,om,0,8,Pos
au,pk,1,3,Pos
au,pg,0,58,Pos
au,pe,0,6,Pos
au,ph,0,97,Pos
au,pl,0,18,Pos
au,pt,0,8,Pos
au,qa,0,4,Pos
au,ro,0,7,Pos
au,sa,0,26,Pos
au,rs,0,5,Pos
au,sg,0,Pos
au,sk,0,5,Pos
au,za,1,31,Pos
au,es,0,25,Pos
au,lk,0,88,Pos
au,se,0,12,Pos
au,ch,0,6,Pos
au,tw,0,4,Pos
au,tz,0,2,Pos
au,th,0,14,Pos
au,tr,0,17,Pos
au,ua,0,1,Pos
au,ae,0,35,Pos
au,gb,0,8,Pos
au,us,3,41,Pos
au,ve,0,14,Pos
au,vn,0,11,Pos
au,zm,0,3,Pos
au,zw,0,6,Pos
az,au,0,17,Pos
az,ca,-1,82,Neg
az,cn,1,27,Pos
az,fr,0,28,Pos
az,ge,0,39,Pos
az,de,0,55,Pos
az,it,0,39,Pos
az,kz,0,33,Pos
az,nl,0,44,Pos
az,tr,-5,2,Neg
az,ua,0,55,Pos
az,ae,-3,21,Neg
az,gb,2,76,Pos
az,us,7,2,Pos
ba,at,-5,24,Neg
ba,hr,-4,5,Neg
ba,de,-8,91,Neg
ba,rs,-2,62,Neg
ba,tr,-1,5,Neg
ba,gb,0,37,Pos
ba,us,8,24,Pos
bd,au,-4,11,Neg
bd,ca,-3,57,Neg
bd,cn,0,39,Pos
bd,fr,0,9,Pos
bd,de,0,81,Pos
bd,hk,0,12,Pos
bd,in,0,41,Pos
bd,it,0,11,Pos
bd,jp,0,31,Pos
bd,kr,0,13,Pos
bd,my,0,63,Pos
bd,nl,0,8,Pos
bd,nz,0,45,Pos
bd,no,0,41,Pos
bd,qa,0,28,Pos
bd,sa,0,25,Pos
bd,sg,0,32,Pos
bd,lk,0,4,Pos
bd,se,0,13,Pos
bd,th,0,4,Pos
bd,tr,0,6,Pos
bd,ae,0,48,Pos
bd,gb,1,3,Pos
bd,us,9,71,Pos
be,al,0,4,Pos
be,dz,0,6,Pos
be,ar,0,2,Pos
be,au,0,25,Pos
be,at,0,13,Pos
be,bj,0,8,Pos
be,br,0,38,Pos
be,bg,0,16,Pos
be,cm,0,6,Pos
be,ca,0,27,Pos
be,cl,0,3,Pos
be,cn,0,Pos
be,co,0,6,Pos
be,cd,0,32,Pos
be,ci,0,3,Pos
be,hr,0,19,Pos
be,cy,0,1,Pos
be,cz,0,2,Pos
be,dk,0,13,Pos
be,eg,0,5,Pos
be,ee,0,1,Pos
be,fi,0,2,Pos
be,fr,4,3,Pos
be,de,0,85,Pos
be,gr,0,48,Pos
be,hk,0,1,Pos
be,hu,0,23,Pos
be,in,0,68,Pos
be,id,0,1,Pos
be,ir,0,5,Pos
be,ie,0,25,Pos
be,il,0,4,Pos
be,it,1,76,Pos
be,jp,0,8,Pos
be,ke,0,2,Pos
be,kr,0,4,Pos
be,lv,0,1,Pos
be,lb,0,9,Pos
be,lt,0,4,Pos
be,lu,-2,99,Neg
be,my,0,2,Pos
be,mt,0,Pos
be,mx,0,6,Pos
be,ma,0,5,Pos
be,nl,2,6,Pos
be,nz,0,7,Pos
be,no,0,1,Pos
be,pk,0,8,Pos
be,pe,0,2,Pos
be,ph,0,4,Pos
be,pl,0,6,Pos
be,pt,0,53,Pos
be,qa,0,7,Pos
be,ro,0,73,Pos
be,sa,0,1,Pos
be,sn,0,2,Pos
be,rs,0,1,Pos
be,sg,0,2,Pos
be,sk,0,4,Pos
be,si,0,7,Pos
be,za,0,4,Pos
be,es,0,3,Pos
be,se,0,12,Pos
be,ch,0,83,Pos
be,tw,0,5,Pos
be,th,0,9,Pos
be,tn,0,4,Pos
be,tr,0,18,Pos
be,ua,0,21,Pos
be,ae,0,49,Pos
be,gb,-1,51,Neg
be,us,1,2,Pos
be,vn,0,4,Pos
bf,ca,1,84,Pos
bf,ci,-1,46,Neg
bf,fr,6,51,Pos
bf,sn,0,78,Pos
bf,us,7,48,Pos
bg,au,0,62,Pos
bg,at,-1,3,Neg
bg,be,0,81,Pos
bg,ca,0,14,Pos
bg,cn,0,23,Pos
bg,cz,0,35,Pos
bg,dk,-1,16,Neg
bg,fr,0,87,Pos
bg,de,-6,21,Neg
bg,gr,0,35,Pos
bg,in,-1,3,Neg
bg,ie,-1,3,Neg
bg,it,0,56,Pos
bg,nl,-1,14,Neg
bg,no,0,25,Pos
bg,pl,0,43,Pos
bg,ro,0,29,Pos
bg,es,0,68,Pos
bg,se,0,54,Pos
bg,ch,0,81,Pos
bg,tr,0,81,Pos
bg,ua,0,87,Pos
bg,ae,0,83,Pos
bg,gb,-12,99,Neg
bg,us,4,65,Pos
bh,au,-1,11,Neg
bh,ca,-1,26,Neg
bh,eg,3,23,Pos
bh,fr,0,5,Pos
bh,in,36,85,Pos
bh,jo,1,6,Pos
bh,kw,0,76,Pos
bh,lb,0,3,Pos
bh,my,0,Pos
bh,om,0,Pos
bh,pk,8,88,Pos
bh,ph,3,8,Pos
bh,qa,-3,13,Neg
bh,sa,-5,Neg
bh,za,0,61,Pos
bh,ae,-10,95,Neg
bh,gb,5,35,Pos
bh,us,9,29,Pos
bj,be,-1,45,Neg
bj,ca,-4,42,Neg
bj,ci,-2,21,Neg
bj,fr,-11,5,Neg
bj,ng,0,15,Pos
bj,sn,-1,6,Neg
bj,us,13,2,Pos
bo,ar,0,42,Pos
bo,br,0,21,Pos
bo,ca,0,21,Pos
bo,cl,0,24,Pos
bo,co,0,1,Pos
bo,fr,0,16,Pos
bo,mx,0,5,Pos
bo,pe,0,3,Pos
bo,es,2,91,Pos
bo,us,1,99,Pos
br,af,0,3,Pos
br,al,0,1,Pos
br,ao,0,8,Pos
br,ar,0,4,Pos
br,au,0,42,Pos
br,at,0,2,Pos
br,be,0,4,Pos
br,bo,0,Pos
br,ca,0,59,Pos
br,cl,0,11,Pos
br,cn,0,1,Pos
br,co,0,6,Pos
br,cr,0,1,Pos
br,cz,0,Pos
br,dk,0,3,Pos
br,do,0,1,Pos
br,ec,0,1,Pos
br,fi,0,1,Pos
br,fr,0,4,Pos
br,de,0,32,Pos
br,hk,0,1,Pos
br,hu,0,3,Pos
br,in,0,2,Pos
br,id,0,1,Pos
br,ie,0,63,Pos
br,il,0,3,Pos
br,it,0,1,Pos
br,jp,0,2,Pos
br,kr,0,Pos
br,lu,0,1,Pos
br,my,0,Pos
br,mt,0,Pos
br,mx,0,11,Pos
br,mz,0,Pos
br,nl,0,1,Pos
br,nz,0,1,Pos
br,no,0,Pos
br,pa,0,4,Pos
br,py,0,2,Pos
br,pe,0,5,Pos
br,ph,0,Pos
br,pl,0,3,Pos
br,pt,0,51,Pos
br,qa,0,1,Pos
br,sa,0,1,Pos
br,sg,0,4,Pos
br,za,0,1,Pos
br,es,0,23,Pos
br,se,0,6,Pos
br,ch,0,11,Pos
br,th,0,1,Pos
br,tr,0,1,Pos
br,ae,0,9,Pos
br,gb,0,37,Pos
br,us,4,63,Pos
br,uy,0,2,Pos
br,ve,0,4,Pos
bs,ca,0,33,Pos
bs,gb,2,95,Pos
bs,us,10,71,Pos
bw,in,2,3,Pos
bw,za,6,8,Pos
bw,gb,15,88,Pos
bw,us,11,83,Pos
bw,zw,0,92,Pos
by,ca,0,42,Pos
by,cn,0,14,Pos
by,cz,0,Pos
by,de,-3,17,Neg
by,it,0,67,Pos
by,lt,0,99,Pos
by,pl,-3,2,Neg
by,tr,0,18,Pos
by,ua,3,8,Pos
by,ae,-1,2,Neg
by,gb,-1,3,Neg
by,us,-1,3,Neg
ca,af,0,2,Pos
ca,al,0,2,Pos
ca,dz,0,22,Pos
ca,ao,0,1,Pos
ca,ar,0,1,Pos
ca,am,0,2,Pos
ca,au,0,9,Pos
ca,at,0,4,Pos
ca,az,0,3,Pos
ca,bs,0,Pos
ca,bh,0,2,Pos
ca,bd,0,32,Pos
ca,by,0,1,Pos
ca,be,0,6,Pos
ca,bj,0,5,Pos
ca,bo,0,1,Pos
ca,br,1,14,Pos
ca,bg,0,1,Pos
ca,bf,0,2,Pos
ca,kh,0,1,Pos
ca,cm,0,12,Pos
ca,cl,0,1,Pos
ca,cn,0,96,Pos
ca,co,0,9,Pos
ca,cd,0,1,Pos
ca,cr,0,1,Pos
ca,ci,0,4,Pos
ca,hr,0,3,Pos
ca,cu,0,1,Pos
ca,cy,0,2,Pos
ca,cz,0,1,Pos
ca,dk,0,2,Pos
ca,do,0,4,Pos
ca,ec,0,4,Pos
ca,eg,0,3,Pos
ca,sv,0,2,Pos
ca,et,0,2,Pos
ca,fi,0,Pos
ca,fr,1,36,Pos
ca,de,0,25,Pos
ca,gh,0,9,Pos
ca,gr,0,7,Pos
ca,gt,0,Pos
ca,ht,0,3,Pos
ca,hn,0,1,Pos
ca,hk,0,12,Pos
ca,hu,0,2,Pos
ca,is,0,1,Pos
ca,in,6,72,Pos
ca,id,0,33,Pos
ca,ir,1,8,Pos
ca,iq,0,4,Pos
ca,ie,0,12,Pos
ca,il,0,24,Pos
ca,it,0,15,Pos
ca,jm,0,25,Pos
ca,jp,0,4,Pos
ca,jo,0,6,Pos
ca,kz,0,3,Pos
ca,ke,0,5,Pos
ca,kr,0,16,Pos
ca,kw,0,12,Pos
ca,lb,0,21,Pos
ca,ly,0,2,Pos
ca,lt,0,1,Pos
ca,lu,0,2,Pos
ca,mg,0,1,Pos
ca,my,0,1,Pos
ca,mu,0,5,Pos
ca,mx,0,5,Pos
ca,md,0,6,Pos
ca,ma,0,2,Pos
ca,np,0,9,Pos
ca,nl,0,1,Pos
ca,nz,0,4,Pos
ca,ni,0,1,Pos
ca,ng,0,66,Pos
ca,no,0,2,Pos
ca,om,0,7,Pos
ca,pk,0,88,Pos
ca,pa,0,4,Pos
ca,pe,0,1,Pos
ca,ph,0,83,Pos
ca,pl,0,2,Pos
ca,pt,0,2,Pos
ca,qa,0,8,Pos
ca,ro,0,12,Pos
ca,rw,0,1,Pos
ca,sa,0,6,Pos
ca,sn,0,4,Pos
ca,rs,0,8,Pos
ca,sg,0,2,Pos
ca,sk,0,Pos
ca,za,0,21,Pos
ca,es,0,4,Pos
ca,lk,0,7,Pos
ca,se,0,1,Pos
ca,ch,0,11,Pos
ca,sy,0,5,Pos
ca,tw,0,3,Pos
ca,tz,0,1,Pos
ca,th,0,2,Pos
ca,tt,0,Pos
ca,tn,0,22,Pos
ca,tr,0,15,Pos
ca,ug,0,2,Pos
ca,ua,0,35,Pos
ca,ae,0,61,Pos
ca,gb,0,17,Pos
ca,us,0,81,Pos
ca,ve,0,9,Pos
ca,vn,0,9,Pos
ca,zw,0,2,Pos
cd,be,5,33,Pos
cd,ca,-1,7,Neg
cd,fr,15,4,Pos
cd,in,3,27,Pos
cd,ke,3,6,Pos
cd,rw,10,47,Pos
cd,za,14,13,Pos
cd,ug,1,4,Pos
cd,gb,7,73,Pos
cd,us,34,27,Pos
ch,al,0,4,Pos
ch,ar,0,19,Pos
ch,au,0,26,Pos
ch,at,1,16,Pos
ch,be,1,27,Pos
ch,br,1,48,Pos
ch,bg,0,24,Pos
ch,ca,0,82,Pos
ch,cl,0,6,Pos
ch,cn,0,7,Pos
ch,co,0,3,Pos
ch,cr,0,1,Pos
ch,hr,0,2,Pos
ch,cz,0,65,Pos
ch,dk,0,14,Pos
ch,ec,0,11,Pos
ch,eg,0,9,Pos
ch,fi,0,24,Pos
ch,fr,36,12,Pos
ch,de,12,12,Pos
ch,gr,1,8,Pos
ch,hk,0,39,Pos
ch,hu,1,1,Pos
ch,in,1,29,Pos
ch,id,0,4,Pos
ch,ir,0,6,Pos
ch,ie,0,35,Pos
ch,il,0,1,Pos
ch,it,13,69,Pos
ch,jp,0,1,Pos
ch,jo,0,2,Pos
ch,ke,0,6,Pos
ch,kr,0,Pos
ch,lv,0,12,Pos
ch,lb,0,3,Pos
ch,lt,0,1,Pos
ch,lu,0,39,Pos
ch,my,0,3,Pos
ch,mt,0,4,Pos
ch,mx,0,12,Pos
ch,ma,0,1,Pos
ch,nl,2,22,Pos
ch,nz,0,12,Pos
ch,ng,0,9,Pos
ch,no,0,9,Pos
ch,pa,0,15,Pos
ch,pe,0,1,Pos
ch,ph,0,2,Pos
ch,pl,1,73,Pos
ch,pt,1,93,Pos
ch,qa,0,1,Pos
ch,ro,0,45,Pos
ch,sa,0,2,Pos
ch,sn,0,1,Pos
ch,rs,0,42,Pos
ch,sg,0,18,Pos
ch,sk,0,46,Pos
ch,si,0,12,Pos
ch,za,0,26,Pos
ch,es,3,7,Pos
ch,se,0,9,Pos
ch,tw,0,6,Pos
ch,th,0,7,Pos
ch,tn,0,24,Pos
ch,tr,0,14,Pos
ch,ua,0,47,Pos
ch,ae,-1,18,Neg
ch,gb,1,65,Pos
ch,us,2,95,Pos
ch,vn,0,11,Pos
ci,be,0,2,Pos
ci,bj,0,85,Pos
ci,bf,0,44,Pos
ci,cm,0,55,Pos
ci,ca,-1,4,Neg
ci,fr,-11,11,Neg
ci,gh,1,58,Pos
ci,in,0,96,Pos
ci,ml,0,96,Pos
ci,ma,0,9,Pos
ci,ng,0,44,Pos
ci,sn,0,96,Pos
ci,tg,0,26,Pos
ci,tn,4,58,Pos
ci,gb,1,6,Pos
ci,us,4,6,Pos
cl,ar,1,47,Pos
cl,au,0,5,Pos
cl,be,0,2,Pos
cl,bo,0,3,Pos
cl,br,0,82,Pos
cl,ca,0,5,Pos
cl,cn,0,5,Pos
cl,co,0,6,Pos
cl,cr,0,4,Pos
cl,dk,0,2,Pos
cl,do,0,8,Pos
cl,ec,0,8,Pos
cl,fr,0,6,Pos
cl,de,0,19,Pos
cl,in,0,13,Pos
cl,ie,0,1,Pos
cl,it,0,6,Pos
cl,mx,0,6,Pos
cl,nl,0,6,Pos
cl,nz,0,3,Pos
cl,pa,0,15,Pos
cl,pe,0,1,Pos
cl,pt,0,4,Pos
cl,es,1,44,Pos
cl,se,0,Pos
cl,ch,0,3,Pos
cl,ae,0,2,Pos
cl,gb,0,4,Pos
cl,us,4,98,Pos
cl,uy,0,5,Pos
cl,ve,8,17,Pos
cm,be,0,45,Pos
cm,ca,-4,59,Neg
cm,cn,0,48,Pos
cm,ci,0,61,Pos
cm,fr,0,6,Pos
cm,ga,0,1,Pos
cm,de,0,61,Pos
cm,in,0,96,Pos
cm,ng,0,45,Pos
cm,sn,0,3,Pos
cm,za,1,22,Pos
cm,ae,-1,57,Neg
cm,gb,1,76,Pos
cm,us,4,56,Pos
cn,af,0,4,Pos
cn,al,0,5,Pos
cn,dz,0,Pos
cn,ao,0,1,Pos
cn,ar,0,2,Pos
cn,au,0,76,Pos
cn,at,0,Pos
cn,az,0,2,Pos
cn,bd,0,3,Pos
cn,by,0,Pos
cn,be,0,Pos
cn,br,0,2,Pos
cn,bg,0,1,Pos
cn,kh,0,1,Pos
cn,cm,0,1,Pos
cn,ca,0,95,Pos
cn,cl,0,1,Pos
cn,co,0,Pos
cn,cz,0,1,Pos
cn,dk,0,1,Pos
cn,eg,0,2,Pos
cn,et,0,2,Pos
cn,fi,0,4,Pos
cn,fr,0,33,Pos
cn,de,0,35,Pos
cn,gh,0,1,Pos
cn,gr,0,Pos
cn,hk,0,76,Pos
cn,hu,0,Pos
cn,in,0,11,Pos
cn,id,0,11,Pos
cn,ir,0,2,Pos
cn,iq,0,1,Pos
cn,ie,0,4,Pos
cn,il,0,1,Pos
cn,it,0,11,Pos
cn,jp,0,43,Pos
cn,kz,0,3,Pos
cn,ke,0,Pos
cn,kr,0,11,Pos
cn,kw,0,1,Pos
cn,lu,0,1,Pos
cn,my,0,1,Pos
cn,mx,0,2,Pos
cn,mn,0,2,Pos
cn,ma,0,Pos
cn,mm,0,5,Pos
cn,np,0,2,Pos
cn,nl,0,2,Pos
cn,nz,0,34,Pos
cn,ng,0,4,Pos
cn,no,0,1,Pos
cn,om,0,1,Pos
cn,pk,0,11,Pos
cn,pe,0,1,Pos
cn,ph,0,1,Pos
cn,pl,0,1,Pos
cn,pt,0,1,Pos
cn,qa,0,Pos
cn,ro,0,1,Pos
cn,sa,0,2,Pos
cn,rs,0,2,Pos
cn,sg,0,28,Pos
cn,za,0,4,Pos
cn,es,0,1,Pos
cn,lk,0,Pos
cn,se,0,12,Pos
cn,ch,0,1,Pos
cn,tw,0,63,Pos
cn,tz,0,Pos
cn,th,0,9,Pos
cn,tr,0,1,Pos
cn,ug,0,2,Pos
cn,ua,0,7,Pos
cn,ae,0,17,Pos
cn,gb,0,88,Pos
cn,us,-2,13,Neg
cn,ve,0,2,Pos
cn,vn,0,7,Pos
cn,zm,0,Pos
co,ar,0,39,Pos
co,au,0,38,Pos
co,be,0,3,Pos
co,bo,0,1,Pos
co,br,0,28,Pos
co,ca,0,22,Pos
co,cl,0,42,Pos
co,cn,0,Pos
co,cr,0,2,Pos
co,do,0,2,Pos
co,ec,0,26,Pos
co,sv,0,Pos
co,fr,0,5,Pos
co,de,0,19,Pos
co,gt,0,Pos
co,in,0,6,Pos
co,ie,0,2,Pos
co,it,0,13,Pos
co,kr,0,4,Pos
co,mx,0,13,Pos
co,nl,0,1,Pos
co,nz,0,6,Pos
co,pa,0,3,Pos
co,pe,0,22,Pos
co,pt,0,1,Pos
co,es,1,13,Pos
co,se,0,3,Pos
co,ch,0,1,Pos
co,ae,0,1,Pos
co,gb,0,16,Pos
co,us,4,98,Pos
co,uy,0,2,Pos
co,ve,3,73,Pos
cr,ar,0,64,Pos
cr,br,0,56,Pos
cr,ca,0,26,Pos
cr,cl,0,24,Pos
cr,co,0,16,Pos
cr,ec,0,2,Pos
cr,fr,0,12,Pos
cr,de,0,21,Pos
cr,gt,0,5,Pos
cr,hn,0,12,Pos
cr,it,0,2,Pos
cr,mx,0,54,Pos
cr,nl,0,12,Pos
cr,ni,0,35,Pos
cr,pa,0,3,Pos
cr,pe,0,1,Pos
cr,es,1,48,Pos
cr,ch,0,3,Pos
cr,gb,0,28,Pos
cr,us,6,18,Pos
cr,ve,4,14,Pos
cu,ca,-2,4,Neg
cu,mx,-2,3,Neg
cu,es,9,83,Pos
cu,us,-20,42,Neg
cu,uy,-8,4,Neg
cy,au,0,78,Pos
cy,be,0,17,Pos
cy,ca,-1,4,Neg
cy,fr,0,22,Pos
cy,de,-1,68,Neg
cy,gr,5,54,Pos
cy,il,0,39,Pos
cy,it,0,5,Pos
cy,nl,0,34,Pos
cy,ng,0,45,Pos
cy,es,0,39,Pos
cy,tr,21,11,Pos
cy,ua,2,24,Pos
cy,ae,-1,85,Neg
cy,gb,0,22,Pos
cy,us,6,61,Pos
cz,au,0,5,Pos
cz,at,0,35,Pos
cz,by,0,Pos
cz,be,0,5,Pos
cz,br,0,12,Pos
cz,bg,0,18,Pos
cz,ca,0,1,Pos
cz,cn,0,12,Pos
cz,hr,0,1,Pos
cz,dk,0,35,Pos
cz,fi,0,13,Pos
cz,fr,0,83,Pos
cz,de,-2,48,Neg
cz,gr,0,31,Pos
cz,hu,0,24,Pos
cz,in,1,9,Pos
cz,ie,0,49,Pos
cz,it,1,36,Pos
cz,jp,0,1,Pos
cz,lu,0,18,Pos
cz,mt,0,5,Pos
cz,nl,0,81,Pos
cz,nz,0,41,Pos
cz,no,0,8,Pos
cz,pl,0,Pos
cz,pt,0,25,Pos
cz,ro,0,5,Pos
cz,rs,0,21,Pos
cz,sg,0,12,Pos
cz,sk,5,33,Pos
cz,es,0,25,Pos
cz,se,0,29,Pos
cz,ch,-1,13,Neg
cz,tr,0,49,Pos
cz,ua,0,9,Pos
cz,ae,0,6,Pos
cz,gb,-2,62,Neg
cz,us,3,9,Pos
de,af,0,2,Pos
de,al,0,17,Pos
de,dz,0,Pos
de,ar,0,36,Pos
de,am,0,15,Pos
de,au,0,66,Pos
de,at,0,14,Pos
de,az,0,2,Pos
de,bd,0,19,Pos
de,by,0,2,Pos
de,be,0,47,Pos
de,ba,0,26,Pos
de,br,1,59,Pos
de,bg,0,66,Pos
de,kh,0,1,Pos
de,cm,0,4,Pos
de,ca,0,63,Pos
de,cl,0,13,Pos
de,cn,0,91,Pos
de,co,0,19,Pos
de,cr,0,3,Pos
de,hr,0,92,Pos
de,cy,0,7,Pos
de,cz,0,51,Pos
de,dk,0,2,Pos
de,ec,0,Pos
de,eg,0,69,Pos
de,ee,0,Pos
de,et,0,1,Pos
de,fi,0,32,Pos
de,fr,2,76,Pos
de,ge,0,2,Pos
de,gh,0,5,Pos
de,gr,0,84,Pos
de,hk,0,1,Pos
de,hu,0,93,Pos
de,is,0,2,Pos
de,in,6,29,Pos
de,id,0,18,Pos
de,ir,0,5,Pos
de,iq,0,5,Pos
de,ie,0,1,Pos
de,il,0,36,Pos
de,it,3,66,Pos
de,jp,0,12,Pos
de,jo,0,17,Pos
de,kz,0,3,Pos
de,ke,0,3,Pos
de,kr,0,23,Pos
de,kw,0,5,Pos
de,lv,0,14,Pos
de,lb,0,26,Pos
de,lt,0,7,Pos
de,lu,0,84,Pos
de,mk,0,18,Pos
de,my,0,19,Pos
de,mt,0,2,Pos
de,mx,0,64,Pos
de,md,0,14,Pos
de,ma,0,12,Pos
de,na,0,1,Pos
de,np,0,1,Pos
de,nl,1,45,Pos
de,nz,0,6,Pos
de,ng,0,8,Pos
de,no,0,5,Pos
de,om,0,2,Pos
de,pk,0,73,Pos
de,pa,0,Pos
de,pe,0,5,Pos
de,ph,0,14,Pos
de,pl,1,13,Pos
de,pt,0,63,Pos
de,qa,0,2,Pos
de,ro,1,55,Pos
de,sa,0,8,Pos
de,rs,0,53,Pos
de,sg,0,13,Pos
de,sk,0,16,Pos
de,si,0,18,Pos
de,za,0,19,Pos
de,es,2,21,Pos
de,lk,0,4,Pos
de,se,0,1,Pos
de,ch,-4,35,Neg
de,sy,0,49,Pos
de,tw,0,8,Pos
de,tz,0,1,Pos
de,th,0,18,Pos
de,tn,0,29,Pos
de,tr,1,25,Pos
de,ug,0,Pos
de,ua,1,24,Pos
de,ae,0,8,Pos
de,gb,2,47,Pos
de,us,4,56,Pos
de,uy,0,Pos
de,ve,0,32,Pos
de,vn,0,5,Pos
de,ps,0,3,Pos
dk,ar,0,16,Pos
dk,au,0,64,Pos
dk,at,0,1,Pos
dk,be,0,18,Pos
dk,br,0,34,Pos
dk,bg,0,31,Pos
dk,ca,0,15,Pos
dk,cl,0,3,Pos
dk,cn,0,65,Pos
dk,cz,0,18,Pos
dk,eg,0,22,Pos
dk,ee,0,5,Pos
dk,fi,0,18,Pos
dk,fr,0,48,Pos
dk,de,0,6,Pos
dk,gr,0,37,Pos
dk,hk,0,3,Pos
dk,hu,0,36,Pos
dk,is,0,15,Pos
dk,in,1,47,Pos
dk,id,0,13,Pos
dk,ir,1,12,Pos
dk,ie,0,7,Pos
dk,it,1,22,Pos
dk,jp,0,5,Pos
dk,ke,0,12,Pos
dk,kr,0,1,Pos
dk,lv,0,18,Pos
dk,lt,0,6,Pos
dk,lu,0,2,Pos
dk,my,0,15,Pos
dk,mt,0,3,Pos
dk,mx,0,15,Pos
dk,nl,0,34,Pos
dk,nz,0,4,Pos
dk,no,0,52,Pos
dk,pk,0,23,Pos
dk,ph,0,6,Pos
dk,pl,0,15,Pos
dk,pt,0,3,Pos
dk,qa,0,9,Pos
dk,ro,0,81,Pos
dk,sg,0,5,Pos
dk,sk,0,27,Pos
dk,za,0,7,Pos
dk,es,0,71,Pos
dk,se,1,67,Pos
dk,ch,0,13,Pos
dk,th,0,13,Pos
dk,tr,0,2,Pos
dk,ua,0,26,Pos
dk,ae,0,18,Pos
dk,gb,0,2,Pos
dk,us,2,1,Pos
dk,vn,0,1,Pos
do,ar,0,23,Pos
do,br,0,44,Pos
do,ca,0,97,Pos
do,cl,0,5,Pos
do,co,0,19,Pos
do,fr,0,36,Pos
do,ht,0,23,Pos
do,it,0,19,Pos
do,mx,0,44,Pos
do,pa,0,72,Pos
do,pe,0,4,Pos
do,pr,0,19,Pos
do,es,3,89,Pos
do,gb,0,11,Pos
do,us,0,38,Pos
do,ve,3,Pos
dz,be,0,16,Pos
dz,ca,-2,54,Neg
dz,cn,0,4,Pos
dz,eg,0,14,Pos
dz,fr,-3,9,Neg
dz,de,0,1,Pos
dz,in,0,31,Pos
dz,it,0,6,Pos
dz,my,0,15,Pos
dz,ma,0,6,Pos
dz,qa,0,43,Pos
dz,sa,0,24,Pos
dz,es,0,3,Pos
dz,tn,0,Pos
dz,tr,0,52,Pos
dz,ae,0,45,Pos
dz,gb,0,5,Pos
dz,us,1,74,Pos
ec,ar,0,49,Pos
ec,au,0,6,Pos
ec,br,0,21,Pos
ec,ca,0,34,Pos
ec,cl,0,19,Pos
ec,co,0,93,Pos
ec,cr,0,1,Pos
ec,fr,0,17,Pos
ec,de,0,1,Pos
ec,it,0,5,Pos
ec,mx,0,26,Pos
ec,nl,0,2,Pos
ec,pa,0,28,Pos
ec,pe,0,2,Pos
ec,es,1,45,Pos
ec,ch,0,14,Pos
ec,gb,0,16,Pos
ec,us,8,16,Pos
ec,ve,6,93,Pos
ee,au,-2,14,Neg
ee,be,0,15,Pos
ee,dk,0,69,Pos
ee,fi,0,53,Pos
ee,fr,1,22,Pos
ee,de,0,15,Pos
ee,it,0,84,Pos
ee,lv,1,68,Pos
ee,nl,0,38,Pos
ee,no,0,46,Pos
ee,es,0,61,Pos
ee,se,0,76,Pos
ee,ua,7,4,Pos
ee,gb,0,38,Pos
ee,us,5,11,Pos
eg,dz,0,8,Pos
eg,au,0,75,Pos
eg,at,0,11,Pos
eg,bh,0,36,Pos
eg,be,0,7,Pos
eg,ca,-1,99,Neg
eg,cn,0,13,Pos
eg,dk,0,22,Pos
eg,fr,0,2,Pos
eg,de,-1,78,Neg
eg,gh,-1,3,Neg
eg,in,0,7,Pos
eg,iq,0,24,Pos
eg,ie,0,21,Pos
eg,it,0,21,Pos
eg,jp,0,2,Pos
eg,jo,0,17,Pos
eg,kw,-1,99,Neg
eg,lb,0,2,Pos
eg,ly,0,41,Pos
eg,my,0,2,Pos
eg,ma,0,3,Pos
eg,nl,0,34,Pos
eg,ng,0,1,Pos
eg,no,0,8,Pos
eg,om,0,16,Pos
eg,pl,0,13,Pos
eg,qa,-4,3,Neg
eg,ro,0,26,Pos
eg,sa,-13,79,Neg
eg,za,0,7,Pos
eg,es,0,12,Pos
eg,sd,0,11,Pos
eg,se,0,25,Pos
eg,ch,0,8,Pos
eg,sy,0,7,Pos
eg,tr,0,55,Pos
eg,ua,0,2,Pos
eg,ae,-12,44,Neg
eg,gb,0,1,Pos
eg,us,9,46,Pos
eg,ye,0,3,Pos
es,af,0,2,Pos
es,dz,0,Pos
es,ao,0,2,Pos
es,ar,0,8,Pos
es,au,0,24,Pos
es,at,0,12,Pos
es,be,0,1,Pos
es,bo,0,14,Pos
es,br,0,68,Pos
es,bg,0,4,Pos
es,ca,0,6,Pos
es,cl,0,58,Pos
es,cn,0,1,Pos
es,co,0,65,Pos
es,cr,0,11,Pos
es,hr,0,2,Pos
es,cu,0,1,Pos
es,cy,0,1,Pos
es,cz,0,3,Pos
es,dk,0,17,Pos
es,do,0,26,Pos
es,ec,0,23,Pos
es,eg,0,3,Pos
es,sv,0,4,Pos
es,ee,0,1,Pos
es,fi,0,1,Pos
es,fr,0,19,Pos
es,de,-1,29,Neg
es,gr,0,3,Pos
es,gt,0,6,Pos
es,hn,0,5,Pos
es,hk,0,6,Pos
es,hu,0,9,Pos
es,is,0,3,Pos
es,in,0,22,Pos
es,id,0,1,Pos
es,ir,0,3,Pos
es,ie,0,48,Pos
es,il,0,1,Pos
es,it,1,32,Pos
es,jp,0,6,Pos
es,jo,0,1,Pos
es,ke,0,Pos
es,kr,0,1,Pos
es,kw,0,2,Pos
es,lv,0,2,Pos
es,lb,0,2,Pos
es,lt,0,2,Pos
es,lu,0,14,Pos
es,my,0,2,Pos
es,mt,0,1,Pos
es,mx,-2,19,Neg
es,ma,0,1,Pos
es,nl,0,15,Pos
es,nz,0,5,Pos
es,ni,0,5,Pos
es,ng,0,1,Pos
es,no,0,1,Pos
es,om,0,2,Pos
es,pk,0,3,Pos
es,pa,0,17,Pos
es,py,0,5,Pos
es,pe,0,61,Pos
es,ph,0,Pos
es,pl,0,7,Pos
es,pt,0,2,Pos
es,pr,0,5,Pos
es,qa,0,15,Pos
es,ro,0,17,Pos
es,sa,0,21,Pos
es,rs,0,1,Pos
es,sg,0,8,Pos
es,sk,0,1,Pos
es,si,0,1,Pos
es,za,0,4,Pos
es,se,0,22,Pos
es,ch,0,78,Pos
es,tw,0,1,Pos
es,th,0,1,Pos
es,tn,0,2,Pos
es,tr,0,1,Pos
es,ua,0,13,Pos
es,ae,0,38,Pos
es,gb,-2,66,Neg
es,us,0,3,Pos
es,uy,0,7,Pos
es,ve,2,74,Pos
es,vn,0,Pos
et,ca,-1,14,Neg
et,cn,0,86,Pos
et,fr,0,39,Pos
et,de,0,12,Pos
et,in,2,71,Pos
et,it,0,12,Pos
et,ke,0,12,Pos
et,nl,1,2,Pos
et,no,0,94,Pos
et,za,0,51,Pos
et,tr,1,22,Pos
et,ae,-1,2,Neg
et,gb,0,24,Pos
et,us,19,49,Pos
fi,au,0,3,Pos
fi,at,0,28,Pos
fi,be,0,6,Pos
fi,br,0,23,Pos
fi,ca,0,5,Pos
fi,cn,0,59,Pos
fi,cz,0,15,Pos
fi,dk,0,43,Pos
fi,ee,0,9,Pos
fi,fr,0,4,Pos
fi,de,-1,9,Neg
fi,gr,0,27,Pos
fi,hk,0,4,Pos
fi,hu,0,6,Pos
fi,in,-1,55,Neg
fi,ir,0,31,Pos
fi,ie,0,25,Pos
fi,it,0,59,Pos
fi,jp,0,12,Pos
fi,kr,0,25,Pos
fi,lu,0,34,Pos
fi,mx,0,5,Pos
fi,nl,0,74,Pos
fi,no,0,8,Pos
fi,pk,0,62,Pos
fi,pl,0,1,Pos
fi,pt,0,19,Pos
fi,ro,0,35,Pos
fi,sg,0,Pos
fi,es,0,6,Pos
fi,se,-3,35,Neg
fi,ch,0,52,Pos
fi,th,0,18,Pos
fi,tr,0,46,Pos
fi,ae,0,22,Pos
fi,gb,-1,43,Neg
fi,us,3,3,Pos
fi,vn,0,46,Pos
fj,au,5,31,Pos
fj,nz,-4,1,Neg
fj,us,7,67,Pos
fr,af,0,5,Pos
fr,al,0,Pos
fr,dz,0,39,Pos
fr,ao,0,8,Pos
fr,ar,0,11,Pos
fr,am,0,1,Pos
fr,au,0,18,Pos
fr,at,0,1,Pos
fr,az,0,Pos
fr,bh,0,1,Pos
fr,bd,0,1,Pos
fr,be,-1,3,Neg
fr,bj,0,15,Pos
fr,bo,0,1,Pos
fr,br,0,9,Pos
fr,bg,0,4,Pos
fr,bf,0,6,Pos
fr,kh,0,7,Pos
fr,cm,0,Pos
fr,ca,-1,53,Neg
fr,cl,0,2,Pos
fr,cn,0,38,Pos
fr,co,0,2,Pos
fr,cd,0,22,Pos
fr,cr,0,1,Pos
fr,ci,0,37,Pos
fr,hr,0,2,Pos
fr,cy,0,Pos
fr,cz,0,7,Pos
fr,dk,0,8,Pos
fr,do,0,2,Pos
fr,ec,0,2,Pos
fr,eg,0,3,Pos
fr,ee,0,2,Pos
fr,et,0,1,Pos
fr,fi,0,Pos
fr,ga,0,18,Pos
fr,ge,0,Pos
fr,de,-1,21,Neg
fr,gh,0,5,Pos
fr,gr,0,1,Pos
fr,ht,0,2,Pos
fr,hk,0,36,Pos
fr,hu,0,2,Pos
fr,is,0,Pos
fr,in,0,54,Pos
fr,id,0,2,Pos
fr,ir,0,4,Pos
fr,iq,0,1,Pos
fr,ie,0,51,Pos
fr,il,0,15,Pos
fr,it,0,79,Pos
fr,jp,0,23,Pos
fr,jo,0,Pos
fr,kz,0,3,Pos
fr,ke,0,2,Pos
fr,kr,0,5,Pos
fr,kw,0,1,Pos
fr,lv,0,Pos
fr,lb,0,21,Pos
fr,lt,0,1,Pos
fr,lu,-2,18,Neg
fr,mg,0,4,Pos
fr,my,0,7,Pos
fr,ml,0,8,Pos
fr,mt,0,1,Pos
fr,mu,0,9,Pos
fr,mx,0,3,Pos
fr,md,0,4,Pos
fr,ma,0,74,Pos
fr,mm,0,1,Pos
fr,np,0,1,Pos
fr,nl,0,25,Pos
fr,nz,0,15,Pos
fr,ng,0,7,Pos
fr,no,0,7,Pos
fr,om,0,Pos
fr,pk,0,3,Pos
fr,pa,0,3,Pos
fr,pe,0,1,Pos
fr,ph,0,Pos
fr,pl,0,11,Pos
fr,pt,0,17,Pos
fr,qa,0,9,Pos
fr,ro,0,27,Pos
fr,sa,0,8,Pos
fr,sn,0,9,Pos
fr,rs,0,4,Pos
fr,sg,0,49,Pos
fr,sk,0,Pos
fr,si,0,1,Pos
fr,za,0,7,Pos
fr,es,0,14,Pos
fr,lk,0,1,Pos
fr,se,0,2,Pos
fr,ch,-5,69,Neg
fr,sy,0,4,Pos
fr,tw,0,Pos
fr,tz,0,Pos
fr,th,0,8,Pos
fr,tg,0,2,Pos
fr,tn,1,6,Pos
fr,tr,0,7,Pos
fr,ua,0,1,Pos
fr,ae,0,74,Pos
fr,gb,-2,65,Neg
fr,us,0,12,Pos
fr,uy,0,Pos
fr,ve,0,9,Pos
fr,vn,0,15,Pos
ga,cm,0,47,Pos
ga,fr,28,58,Pos
ga,sn,5,13,Pos
ga,gb,12,89,Pos
ga,us,17,9,Pos
gb,af,0,1,Pos
gb,al,0,2,Pos
gb,dz,0,Pos
gb,ao,0,6,Pos
gb,ar,0,5,Pos
gb,am,0,Pos
gb,au,0,3,Pos
gb,at,0,1,Pos
gb,az,0,3,Pos
gb,bs,0,1,Pos
gb,bh,0,6,Pos
gb,bd,0,6,Pos
gb,by,0,2,Pos
gb,be,0,2,Pos
gb,ba,0,Pos
gb,bw,0,13,Pos
gb,br,0,43,Pos
gb,bg,0,33,Pos
gb,kh,0,Pos
gb,cm,0,3,Pos
gb,ca,0,1,Pos
gb,cl,0,6,Pos
gb,cn,0,54,Pos
gb,co,0,4,Pos
gb,cd,0,6,Pos
gb,cr,0,1,Pos
gb,ci,0,3,Pos
gb,hr,0,5,Pos
gb,cy,0,Pos
gb,cz,0,13,Pos
gb,dk,0,2,Pos
gb,do,0,Pos
gb,ec,0,1,Pos
gb,eg,0,1,Pos
gb,ee,0,Pos
gb,et,0,Pos
gb,fi,0,6,Pos
gb,fr,1,44,Pos
gb,ga,0,4,Pos
gb,ge,0,Pos
gb,de,0,59,Pos
gb,gh,0,5,Pos
gb,gr,0,77,Pos
gb,hk,0,47,Pos
gb,hu,0,4,Pos
gb,is,0,1,Pos
gb,in,0,55,Pos
gb,id,0,7,Pos
gb,ir,0,31,Pos
gb,iq,0,5,Pos
gb,ie,0,19,Pos
gb,il,0,8,Pos
gb,it,2,19,Pos
gb,jm,0,2,Pos
gb,jp,0,11,Pos
gb,jo,0,2,Pos
gb,kz,0,8,Pos
gb,ke,0,19,Pos
gb,kr,0,2,Pos
gb,kw,0,7,Pos
gb,lv,0,3,Pos
gb,lb,0,Pos
gb,ly,0,1,Pos
gb,lt,0,7,Pos
gb,lu,0,4,Pos
gb,mk,0,2,Pos
gb,mw,0,8,Pos
gb,my,0,2,Pos
gb,mt,0,6,Pos
gb,mu,0,3,Pos
gb,mx,0,1,Pos
gb,md,0,5,Pos
gb,mn,0,1,Pos
gb,ma,0,2,Pos
gb,mz,0,4,Pos
gb,mm,0,4,Pos
gb,na,0,4,Pos
gb,np,0,3,Pos
gb,nl,0,17,Pos
gb,nz,0,2,Pos
gb,ng,-6,65,Neg
gb,no,0,7,Pos
gb,om,0,1,Pos
gb,pk,0,2,Pos
gb,pa,0,1,Pos
gb,pe,0,3,Pos
gb,ph,0,6,Pos
gb,pl,0,6,Pos
gb,pt,1,2,Pos
gb,qa,0,19,Pos
gb,ro,1,29,Pos
gb,rw,0,2,Pos
gb,sa,0,59,Pos
gb,sn,0,Pos
gb,rs,0,Pos
gb,sg,0,22,Pos
gb,sk,0,2,Pos
gb,si,0,5,Pos
gb,za,-3,33,Neg
gb,es,1,8,Pos
gb,lk,0,3,Pos
gb,sd,0,Pos
gb,se,0,13,Pos
gb,ch,0,14,Pos
gb,sy,0,1,Pos
gb,tw,0,2,Pos
gb,tz,0,7,Pos
gb,th,0,1,Pos
gb,tt,0,1,Pos
gb,tn,0,Pos
gb,tr,0,6,Pos
gb,ug,0,4,Pos
gb,ua,0,9,Pos
gb,ae,-1,56,Neg
gb,us,4,78,Pos
gb,uy,0,Pos
gb,uz,0,2,Pos
gb,ve,0,1,Pos
gb,vn,0,8,Pos
gb,ps,0,1,Pos
gb,zm,0,46,Pos
gb,zw,0,6,Pos
ge,az,0,43,Pos
ge,fr,0,6,Pos
ge,de,0,49,Pos
ge,in,4,8,Pos
ge,tr,1,24,Pos
ge,ua,1,17,Pos
ge,ae,0,74,Pos
ge,gb,0,31,Pos
ge,us,20,21,Pos
gh,au,0,46,Pos
gh,ca,-1,46,Neg
gh,cn,0,21,Pos
gh,ci,0,75,Pos
gh,eg,2,54,Pos
gh,fr,0,69,Pos
gh,de,0,3,Pos
gh,in,1,4,Pos
gh,it,0,1,Pos
gh,ke,0,Pos
gh,lb,0,1,Pos
gh,nl,0,11,Pos
gh,ng,-1,11,Neg
gh,no,2,97,Pos
gh,za,0,32,Pos
gh,tg,0,4,Pos
gh,ae,-1,26,Neg
gh,gb,1,26,Pos
gh,us,17,66,Pos
gr,al,0,1,Pos
gr,au,0,48,Pos
gr,at,0,48,Pos
gr,be,-1,18,Neg
gr,bg,0,17,Pos
gr,ca,0,83,Pos
gr,cn,0,1,Pos
gr,cy,0,97,Pos
gr,cz,0,28,Pos
gr,dk,0,67,Pos
gr,fi,0,21,Pos
gr,fr,-1,Neg
gr,de,-3,77,Neg
gr,hu,0,3,Pos
gr,in,0,48,Pos
gr,ie,0,53,Pos
gr,it,0,29,Pos
gr,lu,0,67,Pos
gr,nl,-2,4,Neg
gr,no,0,52,Pos
gr,pl,0,37,Pos
gr,qa,0,66,Pos
gr,ro,0,21,Pos
gr,sa,0,34,Pos
gr,rs,0,12,Pos
gr,es,0,23,Pos
gr,se,-1,94,Neg
gr,ch,-1,73,Neg
gr,tr,0,48,Pos
gr,ua,0,11,Pos
gr,ae,-1,1,Neg
gr,gb,-14,52,Neg
gr,us,5,17,Pos
gt,ca,0,4,Pos
gt,co,0,Pos
gt,cr,0,6,Pos
gt,sv,-2,92,Neg
gt,hn,-6,15,Neg
gt,mx,0,57,Pos
gt,ni,0,39,Pos
gt,pa,0,37,Pos
gt,es,1,Pos
gt,us,5,21,Pos
gt,ve,1,14,Pos
hk,au,4,39,Pos
hk,at,0,4,Pos
hk,bd,0,11,Pos
hk,be,0,22,Pos
hk,br,0,2,Pos
hk,ca,1,27,Pos
hk,cn,7,88,Pos
hk,dk,0,4,Pos
hk,fi,0,3,Pos
hk,fr,3,31,Pos
hk,de,0,5,Pos
hk,in,3,33,Pos
hk,id,0,2,Pos
hk,ie,0,15,Pos
hk,il,0,7,Pos
hk,it,0,5,Pos
hk,jp,0,Pos
hk,kr,0,68,Pos
hk,my,0,7,Pos
hk,mx,0,Pos
hk,nl,0,7,Pos
hk,nz,0,18,Pos
hk,ng,1,98,Pos
hk,pk,0,7,Pos
hk,ph,0,1,Pos
hk,qa,0,1,Pos
hk,sg,-1,63,Neg
hk,za,0,72,Pos
hk,es,0,39,Pos
hk,se,0,Pos
hk,ch,0,56,Pos
hk,tw,1,57,Pos
hk,th,0,2,Pos
hk,tr,0,9,Pos
hk,ae,0,35,Pos
hk,gb,7,84,Pos
hk,us,6,62,Pos
hk,vn,0,13,Pos
hn,ca,0,49,Pos
hn,cr,0,31,Pos
hn,gt,13,46,Pos
hn,mx,0,18,Pos
hn,ni,0,18,Pos
hn,es,1,74,Pos
hn,us,7,24,Pos
hr,au,0,91,Pos
hr,at,-2,37,Neg
hr,be,-1,21,Neg
hr,ba,1,36,Pos
hr,ca,0,91,Pos
hr,cz,0,23,Pos
hr,fr,0,51,Pos
hr,de,-10,63,Neg
hr,ie,-8,31,Neg
hr,it,0,38,Pos
hr,nl,0,98,Pos
hr,no,0,96,Pos
hr,pl,0,48,Pos
hr,rs,0,4,Pos
hr,si,0,13,Pos
hr,es,0,43,Pos
hr,se,0,76,Pos
hr,ch,0,83,Pos
hr,ae,0,96,Pos
hr,gb,-2,2,Neg
hr,us,8,16,Pos
ht,ca,-3,16,Neg
ht,do,1,5,Pos
ht,fr,1,76,Pos
ht,us,11,86,Pos
hu,au,0,44,Pos
hu,at,-4,7,Neg
hu,be,0,99,Pos
hu,br,-1,7,Neg
hu,ca,0,46,Pos
hu,cn,0,3,Pos
hu,cz,0,39,Pos
hu,dk,-1,12,Neg
hu,fi,0,9,Pos
hu,fr,0,27,Pos
hu,de,-7,25,Neg
hu,gr,0,5,Pos
hu,in,1,53,Pos
hu,ie,-1,31,Neg
hu,it,0,82,Pos
hu,jp,0,14,Pos
hu,lu,0,56,Pos
hu,mt,0,36,Pos
hu,nl,-1,86,Neg
hu,nz,0,36,Pos
hu,no,0,31,Pos
hu,pl,0,3,Pos
hu,pt,0,1,Pos
hu,ro,2,21,Pos
hu,rs,0,92,Pos
hu,sg,0,14,Pos
hu,sk,0,54,Pos
hu,es,-1,16,Neg
hu,se,-1,6,Neg
hu,ch,-2,83,Neg
hu,tr,0,17,Pos
hu,ua,1,7,Pos
hu,ae,0,48,Pos
hu,gb,-13,13,Neg
hu,us,5,67,Pos
id,af,0,2,Pos
id,ao,0,Pos
id,au,0,2,Pos
id,be,0,1,Pos
id,br,0,3,Pos
id,kh,0,Pos
id,ca,0,76,Pos
id,cn,0,26,Pos
id,dk,0,5,Pos
id,fr,0,4,Pos
id,de,0,16,Pos
id,hk,0,5,Pos
id,in,0,26,Pos
id,il,0,24,Pos
id,it,0,Pos
id,jp,0,3,Pos
id,kr,0,3,Pos
id,my,0,14,Pos
id,mm,0,4,Pos
id,nl,0,2,Pos
id,nz,0,11,Pos
id,ng,0,6,Pos
id,no,0,7,Pos
id,om,0,1,Pos
id,ph,0,7,Pos
id,qa,0,14,Pos
id,sa,0,16,Pos
id,sg,0,57,Pos
id,za,0,2,Pos
id,es,0,1,Pos
id,se,0,4,Pos
id,ch,0,1,Pos
id,tw,0,7,Pos
id,th,0,3,Pos
id,tr,0,2,Pos
id,ae,0,16,Pos
id,gb,0,25,Pos
id,us,17,87,Pos
id,vn,0,4,Pos
ie,ar,0,53,Pos
ie,au,3,83,Pos
ie,at,0,27,Pos
ie,be,0,44,Pos
ie,br,10,16,Pos
ie,bg,0,36,Pos
ie,ca,0,98,Pos
ie,cl,0,2,Pos
ie,cn,0,31,Pos
ie,co,0,6,Pos
ie,hr,2,34,Pos
ie,cz,0,33,Pos
ie,dk,0,9,Pos
ie,eg,0,26,Pos
ie,fi,0,14,Pos
ie,fr,3,76,Pos
ie,de,0,32,Pos
ie,gr,0,38,Pos
ie,hk,0,12,Pos
ie,hu,0,55,Pos
ie,in,4,42,Pos
ie,il,0,1,Pos
ie,it,4,57,Pos
ie,jp,0,23,Pos
ie,kr,0,9,Pos
ie,lt,0,1,Pos
ie,lu,0,14,Pos
ie,my,0,2,Pos
ie,mt,0,4,Pos
ie,mx,0,31,Pos
ie,nl,0,93,Pos
ie,nz,0,3,Pos
ie,ng,0,18,Pos
ie,no,0,14,Pos
ie,pk,0,14,Pos
ie,ph,0,17,Pos
ie,pl,0,47,Pos
ie,pt,1,Pos
ie,qa,0,16,Pos
ie,ro,1,31,Pos
ie,sa,0,43,Pos
ie,sg,0,31,Pos
ie,sk,0,8,Pos
ie,za,0,63,Pos
ie,es,2,69,Pos
ie,se,0,21,Pos
ie,ch,0,41,Pos
ie,tw,0,3,Pos
ie,th,0,1,Pos
ie,tr,0,57,Pos
ie,ua,0,36,Pos
ie,ae,-1,1,Neg
ie,gb,-2,62,Neg
ie,us,3,78,Pos
ie,ve,0,28,Pos
ie,vn,0,Pos
il,ar,0,29,Pos
il,au,0,3,Pos
il,at,0,1,Pos
il,be,0,9,Pos
il,br,0,51,Pos
il,ca,-2,26,Neg
il,cn,0,6,Pos
il,cy,0,6,Pos
il,fr,1,22,Pos
il,de,-1,33,Neg
il,hk,0,6,Pos
il,in,0,54,Pos
il,id,0,97,Pos
il,ie,0,11,Pos
il,it,0,17,Pos
il,mx,0,7,Pos
il,nl,0,43,Pos
il,sg,0,2,Pos
il,za,0,23,Pos
il,es,0,7,Pos
il,se,0,14,Pos
il,ch,0,2,Pos
il,th,0,1,Pos
il,tr,0,21,Pos
il,ua,1,25,Pos
il,gb,-1,29,Neg
il,us,0,3,Pos
il,ps,-2,2,Neg
in,af,0,2,Pos
in,al,0,Pos
in,dz,0,1,Pos
in,ao,0,1,Pos
in,ar,0,1,Pos
in,au,-2,1,Neg
in,at,0,2,Pos
in,bh,0,22,Pos
in,bd,0,1,Pos
in,be,0,5,Pos
in,bw,0,1,Pos
in,br,0,1,Pos
in,bg,0,2,Pos
in,kh,0,1,Pos
in,cm,0,1,Pos
in,ca,-2,37,Neg
in,cl,0,1,Pos
in,cn,0,4,Pos
in,co,0,1,Pos
in,cd,0,1,Pos
in,ci,0,1,Pos
in,cz,0,3,Pos
in,dk,0,8,Pos
in,eg,0,Pos
in,et,0,2,Pos
in,fi,0,4,Pos
in,fr,0,17,Pos
in,ge,0,2,Pos
in,de,0,87,Pos
in,gh,0,2,Pos
in,gr,0,1,Pos
in,hk,0,11,Pos
in,hu,0,3,Pos
in,is,0,6,Pos
in,id,0,4,Pos
in,ir,0,2,Pos
in,iq,0,2,Pos
in,ie,0,19,Pos
in,il,0,2,Pos
in,it,0,7,Pos
in,jp,0,1,Pos
in,jo,0,Pos
in,kz,0,1,Pos
in,ke,0,6,Pos
in,kr,0,4,Pos
in,kw,0,36,Pos
in,lt,0,1,Pos
in,lu,0,2,Pos
in,mw,0,Pos
in,my,0,33,Pos
in,mu,0,1,Pos
in,mx,0,5,Pos
in,ma,0,1,Pos
in,mz,0,1,Pos
in,mm,0,3,Pos
in,np,0,6,Pos
in,nl,0,32,Pos
in,nz,0,5,Pos
in,ng,0,11,Pos
in,no,0,6,Pos
in,om,0,19,Pos
in,pk,0,1,Pos
in,pg,0,Pos
in,ph,0,4,Pos
in,pl,0,8,Pos
in,pt,0,1,Pos
in,qa,0,99,Pos
in,ro,0,1,Pos
in,rw,0,1,Pos
in,sa,-1,39,Neg
in,sg,0,99,Pos
in,sk,0,Pos
in,za,0,4,Pos
in,es,0,5,Pos
in,lk,0,4,Pos
in,sd,0,1,Pos
in,se,0,17,Pos
in,ch,0,6,Pos
in,tw,0,3,Pos
in,tz,0,7,Pos
in,th,0,7,Pos
in,tr,0,2,Pos
in,ug,0,2,Pos
in,ua,0,Pos
in,ae,-6,66,Neg
in,gb,0,32,Pos
in,us,-2,42,Neg
in,vn,0,3,Pos
in,ye,0,Pos
in,zm,0,3,Pos
iq,af,1,74,Pos
iq,au,0,78,Pos
iq,ca,-1,51,Neg
iq,cn,0,23,Pos
iq,eg,1,25,Pos
iq,fr,0,38,Pos
iq,de,0,7,Pos
iq,in,1,97,Pos
iq,ir,-3,22,Neg
iq,it,0,32,Pos
iq,jo,0,43,Pos
iq,kw,0,26,Pos
iq,lb,0,38,Pos
iq,my,1,83,Pos
iq,nl,0,55,Pos
iq,om,0,3,Pos
iq,pk,1,3,Pos
iq,qa,0,9,Pos
iq,sa,-1,39,Neg
iq,se,0,41,Pos
iq,sy,1,51,Pos
iq,tr,0,67,Pos
iq,ae,1,36,Pos
iq,gb,2,52,Pos
iq,us,13,47,Pos
ir,af,0,2,Pos
ir,am,0,2,Pos
ir,au,-3,8,Neg
ir,at,0,4,Pos
ir,be,0,7,Pos
ir,ca,-11,1,Neg
ir,cn,0,12,Pos
ir,dk,-1,7,Neg
ir,fi,0,13,Pos
ir,fr,0,22,Pos
ir,de,0,11,Pos
ir,in,0,4,Pos
ir,iq,0,58,Pos
ir,it,0,83,Pos
ir,jp,0,23,Pos
ir,kr,0,6,Pos
ir,my,1,49,Pos
ir,nl,0,88,Pos
ir,nz,0,38,Pos
ir,no,0,5,Pos
ir,ro,4,42,Pos
ir,sg,0,15,Pos
ir,es,0,14,Pos
ir,se,0,18,Pos
ir,ch,0,5,Pos
ir,tr,0,59,Pos
ir,ae,0,23,Pos
ir,gb,3,15,Pos
ir,us,32,47,Pos
is,ca,0,31,Pos
is,dk,1,44,Pos
is,fr,0,Pos
is,de,0,51,Pos
is,in,-10,89,Neg
is,ng,-28,67,Neg
is,no,0,92,Pos
is,za,-8,17,Neg
is,es,-1,18,Neg
is,se,0,21,Pos
is,gb,1,3,Pos
is,us,3,96,Pos
is,zw,-13,67,Neg
it,af,0,5,Pos
it,al,0,7,Pos
it,dz,0,1,Pos
it,ao,0,2,Pos
it,ar,0,3,Pos
it,au,0,26,Pos
it,at,0,3,Pos
it,az,0,1,Pos
it,bd,0,1,Pos
it,by,0,2,Pos
it,be,0,5,Pos
it,br,0,27,Pos
it,bg,0,3,Pos
it,ca,0,2,Pos
it,cl,0,2,Pos
it,cn,0,15,Pos
it,co,0,7,Pos
it,cr,0,Pos
it,hr,0,2,Pos
it,cy,0,1,Pos
it,cz,0,15,Pos
it,dk,0,25,Pos
it,do,0,1,Pos
it,ec,0,1,Pos
it,eg,0,4,Pos
it,ee,0,1,Pos
it,et,0,Pos
it,fi,0,5,Pos
it,fr,0,93,Pos
it,de,-1,91,Neg
it,gh,0,1,Pos
it,gr,0,3,Pos
it,hk,0,7,Pos
it,hu,0,5,Pos
it,in,0,27,Pos
it,id,0,Pos
it,ir,0,18,Pos
it,iq,0,1,Pos
it,ie,0,73,Pos
it,il,0,2,Pos
it,jp,0,4,Pos
it,jo,0,1,Pos
it,kz,0,3,Pos
it,ke,0,4,Pos
it,kr,0,1,Pos
it,kw,0,1,Pos
it,lv,0,1,Pos
it,lb,0,1,Pos
it,lt,0,1,Pos
it,lu,0,28,Pos
it,my,0,1,Pos
it,mt,0,28,Pos
it,mx,0,4,Pos
it,md,0,3,Pos
it,ma,0,1,Pos
it,nl,0,72,Pos
it,nz,0,6,Pos
it,ng,0,1,Pos
it,no,0,1,Pos
it,pk,0,6,Pos
it,pa,0,4,Pos
it,pe,0,3,Pos
it,ph,0,1,Pos
it,pl,0,18,Pos
it,pt,0,4,Pos
it,qa,0,7,Pos
it,ro,0,6,Pos
it,sa,0,5,Pos
it,sn,0,4,Pos
it,rs,0,6,Pos
it,sg,0,12,Pos
it,sk,0,Pos
it,si,0,1,Pos
it,za,0,2,Pos
it,es,-1,18,Neg
it,se,0,28,Pos
it,ch,-2,56,Neg
it,tw,0,1,Pos
it,tz,0,3,Pos
it,th,0,4,Pos
it,tn,0,1,Pos
it,tr,0,12,Pos
it,ua,0,8,Pos
it,ae,0,61,Pos
it,gb,-4,8,Neg
it,us,1,44,Pos
it,ve,0,12,Pos
it,vn,0,Pos
jm,ca,-10,8,Neg
jm,tt,0,72,Pos
jm,gb,-1,4,Neg
jm,us,-2,66,Neg
jo,au,0,77,Pos
jo,bh,0,49,Pos
jo,ca,-1,67,Neg
jo,eg,0,72,Pos
jo,fr,0,9,Pos
jo,de,-1,83,Neg
jo,in,0,35,Pos
jo,iq,0,35,Pos
jo,it,0,28,Pos
jo,kw,-1,11,Neg
jo,lb,0,44,Pos
jo,my,0,49,Pos
jo,nl,0,14,Pos
jo,om,0,53,Pos
jo,qa,-5,37,Neg
jo,sa,-20,81,Neg
jo,es,0,12,Pos
jo,ch,0,9,Pos
jo,sy,0,7,Pos
jo,tr,-1,23,Neg
jo,ae,-27,55,Neg
jo,gb,0,67,Pos
jo,us,4,69,Pos
jo,ps,0,81,Pos
jp,au,0,4,Pos
jp,at,0,1,Pos
jp,bd,0,23,Pos
jp,be,0,15,Pos
jp,br,0,31,Pos
jp,ca,0,36,Pos
jp,cn,-3,59,Neg
jp,cz,0,1,Pos
jp,dk,0,6,Pos
jp,eg,0,2,Pos
jp,fi,0,6,Pos
jp,fr,1,71,Pos
jp,de,0,38,Pos
jp,hk,0,Pos
jp,hu,0,6,Pos
jp,in,0,27,Pos
jp,id,0,1,Pos
jp,ir,0,3,Pos
jp,ie,0,22,Pos
jp,it,0,26,Pos
jp,kr,0,29,Pos
jp,my,0,36,Pos
jp,mx,0,1,Pos
jp,mm,0,24,Pos
jp,nl,0,1,Pos
jp,nz,0,13,Pos
jp,ng,0,56,Pos
jp,no,0,1,Pos
jp,pk,0,4,Pos
jp,ph,0,48,Pos
jp,pl,0,8,Pos
jp,sa,0,12,Pos
jp,sg,-1,3,Neg
jp,za,0,26,Pos
jp,es,0,3,Pos
jp,lk,0,2,Pos
jp,se,0,19,Pos
jp,ch,0,1,Pos
jp,tw,0,14,Pos
jp,th,0,44,Pos
jp,tr,0,17,Pos
jp,ae,0,6,Pos
jp,gb,1,47,Pos
jp,us,3,73,Pos
jp,vn,0,17,Pos
ke,au,0,32,Pos
ke,be,0,4,Pos
ke,ca,0,5,Pos
ke,cn,0,1,Pos
ke,cd,0,46,Pos
ke,dk,0,19,Pos
ke,et,0,3,Pos
ke,fr,0,19,Pos
ke,de,0,11,Pos
ke,gh,0,Pos
ke,in,1,83,Pos
ke,it,0,27,Pos
ke,mu,0,21,Pos
ke,nl,0,2,Pos
ke,ng,0,44,Pos
ke,no,4,75,Pos
ke,qa,0,23,Pos
ke,rw,0,12,Pos
ke,sa,0,9,Pos
ke,za,1,48,Pos
ke,es,0,2,Pos
ke,se,0,5,Pos
ke,ch,0,9,Pos
ke,tz,0,2,Pos
ke,ug,0,38,Pos
ke,ae,-1,26,Neg
ke,gb,3,8,Pos
ke,us,40,35,Pos
ke,zm,0,4,Pos
ke,zw,0,3,Pos
kh,au,2,52,Pos
kh,ca,0,88,Pos
kh,cn,0,77,Pos
kh,fr,3,78,Pos
kh,de,0,16,Pos
kh,in,1,53,Pos
kh,id,0,Pos
kh,kr,1,2,Pos
kh,my,1,92,Pos
kh,nl,0,82,Pos
kh,ph,0,49,Pos
kh,sg,0,16,Pos
kh,th,1,81,Pos
kh,gb,0,16,Pos
kh,us,14,99,Pos
kh,vn,8,43,Pos
kr,au,0,46,Pos
kr,bd,0,12,Pos
kr,be,0,9,Pos
kr,br,0,7,Pos
kr,kh,0,18,Pos
kr,ca,-1,55,Neg
kr,cn,-1,8,Neg
kr,co,0,13,Pos
kr,dk,0,2,Pos
kr,fi,0,16,Pos
kr,fr,0,39,Pos
kr,de,0,85,Pos
kr,hk,0,64,Pos
kr,in,1,1,Pos
kr,id,0,14,Pos
kr,ir,0,1,Pos
kr,ie,0,11,Pos
kr,it,0,5,Pos
kr,jp,0,35,Pos
kr,my,0,19,Pos
kr,mx,0,2,Pos
kr,nl,0,28,Pos
kr,nz,0,29,Pos
kr,ng,0,1,Pos
kr,no,0,3,Pos
kr,pk,0,45,Pos
kr,ph,0,26,Pos
kr,pl,0,13,Pos
kr,qa,0,Pos
kr,sa,0,1,Pos
kr,sg,-1,68,Neg
kr,za,0,2,Pos
kr,es,0,3,Pos
kr,se,0,22,Pos
kr,ch,0,Pos
kr,tw,0,11,Pos
kr,th,0,Pos
kr,tr,0,8,Pos
kr,ae,0,67,Pos
kr,gb,0,28,Pos
kr,us,-3,66,Neg
kr,vn,0,49,Pos
kw,af,0,49,Pos
kw,au,0,73,Pos
kw,bh,0,4,Pos
kw,ca,-3,75,Neg
kw,cn,0,16,Pos
kw,eg,9,55,Pos
kw,fr,0,16,Pos
kw,de,0,62,Pos
kw,in,32,55,Pos
kw,iq,0,24,Pos
kw,it,0,22,Pos
kw,jo,1,29,Pos
kw,lb,1,78,Pos
kw,my,0,32,Pos
kw,ng,-1,91,Neg
kw,om,0,8,Pos
kw,pk,0,8,Pos
kw,ph,1,7,Pos
kw,qa,-2,1,Neg
kw,sa,-1,32,Neg
kw,za,0,67,Pos
kw,es,0,49,Pos
kw,tr,0,7,Pos
kw,ae,-8,33,Neg
kw,gb,3,83,Pos
kw,us,11,46,Pos
kz,au,0,9,Pos
kz,az,0,13,Pos
kz,ca,0,7,Pos
kz,cn,0,77,Pos
kz,fr,0,62,Pos
kz,de,0,31,Pos
kz,in,0,73,Pos
kz,it,0,48,Pos
kz,my,0,9,Pos
kz,nl,0,9,Pos
kz,tr,0,11,Pos
kz,ua,1,54,Pos
kz,ae,-1,32,Neg
kz,gb,3,52,Pos
kz,us,3,14,Pos
kz,uz,0,9,Pos
lb,au,-1,76,Neg
lb,bh,0,14,Pos
lb,be,0,55,Pos
lb,ca,-5,92,Neg
lb,eg,0,1,Pos
lb,fr,-5,23,Neg
lb,de,-2,78,Neg
lb,gh,0,17,Pos
lb,iq,0,31,Pos
lb,it,0,29,Pos
lb,jo,0,45,Pos
lb,kw,-1,57,Neg
lb,nl,0,74,Pos
lb,ng,0,55,Pos
lb,om,0,45,Pos
lb,qa,0,38,Pos
lb,sa,-9,21,Neg
lb,es,0,45,Pos
lb,se,0,67,Pos
lb,ch,0,12,Pos
lb,sy,1,24,Pos
lb,tr,-1,19,Neg
lb,ae,-24,34,Neg
lb,gb,0,12,Pos
lb,us,10,16,Pos
lk,au,-10,36,Neg
lk,bd,0,6,Pos
lk,ca,-1,25,Neg
lk,cn,0,5,Pos
lk,fr,0,11,Pos
lk,de,0,32,Pos
lk,in,2,9,Pos
lk,jp,0,5,Pos
lk,my,0,16,Pos
lk,nz,-1,72,Neg
lk,om,0,5,Pos
lk,qa,-4,63,Neg
lk,sa,0,85,Pos
lk,sg,-1,19,Neg
lk,th,0,2,Pos
lk,ae,-5,31,Neg
lk,gb,1,8,Pos
lk,us,8,23,Pos
lt,au,0,75,Pos
lt,by,1,17,Pos
lt,be,0,38,Pos
lt,ca,0,38,Pos
lt,dk,0,46,Pos
lt,fr,0,33,Pos
lt,de,-1,42,Neg
lt,in,1,33,Pos
lt,ie,0,8,Pos
lt,it,0,42,Pos
lt,lv,0,5,Pos
lt,nl,0,63,Pos
lt,no,0,46,Pos
lt,pl,0,63,Pos
lt,es,0,5,Pos
lt,se,0,8,Pos
lt,ch,0,71,Pos
lt,tr,0,25,Pos
lt,ua,1,71,Pos
lt,gb,-5,71,Neg
lt,us,6,8,Pos
lu,au,0,46,Pos
lu,at,0,6,Pos
lu,be,49,67,Pos
lu,br,1,66,Pos
lu,ca,1,26,Pos
lu,cn,0,4,Pos
lu,cz,1,13,Pos
lu,dk,0,2,Pos
lu,fi,1,73,Pos
lu,fr,150,68,Pos
lu,de,25,37,Pos
lu,gr,4,52,Pos
lu,hu,2,19,Pos
lu,in,3,32,Pos
lu,ie,1,26,Pos
lu,it,16,47,Pos
lu,nl,6,77,Pos
lu,pl,4,71,Pos
lu,pt,4,91,Pos
lu,ro,7,5,Pos
lu,sg,0,27,Pos
lu,es,7,3,Pos
lu,se,1,6,Pos
lu,ch,-4,25,Neg
lu,ae,0,6,Pos
lu,gb,5,58,Pos
lu,us,4,98,Pos
lv,be,0,1,Pos
lv,dk,1,59,Pos
lv,ee,-1,6,Neg
lv,fr,0,24,Pos
lv,de,-3,17,Neg
lv,it,0,48,Pos
lv,lt,0,58,Pos
lv,nl,0,43,Pos
lv,no,0,29,Pos
lv,es,0,82,Pos
lv,se,0,24,Pos
lv,ch,0,91,Pos
lv,ua,2,55,Pos
lv,gb,-2,64,Neg
lv,us,3,6,Pos
ly,ca,-2,27,Neg
ly,eg,-6,14,Neg
ly,tn,0,76,Pos
ly,tr,-2,69,Neg
ly,ae,-3,95,Neg
ly,gb,-1,51,Neg
ly,us,8,41,Pos
ma,dz,0,5,Pos
ma,be,0,11,Pos
ma,ca,-1,99,Neg
ma,cn,0,3,Pos
ma,ci,0,27,Pos
ma,eg,0,4,Pos
ma,fr,-6,6,Neg
ma,de,0,45,Pos
ma,in,0,17,Pos
ma,it,0,1,Pos
ma,nl,0,3,Pos
ma,qa,0,57,Pos
ma,sa,0,12,Pos
ma,sn,0,15,Pos
ma,es,0,9,Pos
ma,ch,0,1,Pos
ma,tn,0,39,Pos
ma,tr,0,35,Pos
ma,ae,-1,57,Neg
ma,gb,0,34,Pos
ma,us,6,37,Pos
md,ca,-5,47,Neg
md,fr,-3,1,Neg
md,de,-5,22,Neg
md,it,-2,2,Neg
md,ro,-10,69,Neg
md,ua,-1,6,Neg
md,gb,-7,18,Neg
md,us,-5,71,Neg
mg,ca,-1,3,Neg
mg,fr,4,45,Pos
mg,mu,0,65,Pos
mg,us,9,Pos
mk,de,-5,29,Neg
mk,nl,-2,78,Neg
mk,tr,0,7,Pos
mk,ae,-2,78,Neg
mk,gb,-2,58,Neg
mk,us,0,99,Pos
ml,ci,3,77,Pos
ml,fr,10,5,Pos
ml,sn,0,11,Pos
ml,us,15,19,Pos
mm,au,2,44,Pos
mm,cn,3,17,Pos
mm,fr,0,57,Pos
mm,in,5,67,Pos
mm,id,1,9,Pos
mm,jp,1,82,Pos
mm,my,2,44,Pos
mm,ph,2,65,Pos
mm,sg,11,75,Pos
mm,th,9,88,Pos
mm,ae,2,7,Pos
mm,gb,3,54,Pos
mm,us,14,77,Pos
mm,vn,0,57,Pos
mn,au,1,21,Pos
mn,cn,2,78,Pos
mn,gb,1,69,Pos
mn,us,11,47,Pos
mt,au,0,16,Pos
mt,be,0,8,Pos
mt,br,0,48,Pos
mt,cz,0,4,Pos
mt,dk,0,48,Pos
mt,fr,0,97,Pos
mt,de,0,57,Pos
mt,hu,1,7,Pos
mt,ie,0,4,Pos
mt,it,20,1,Pos
mt,nl,2,26,Pos
mt,ph,1,53,Pos
mt,pl,2,83,Pos
mt,es,0,81,Pos
mt,se,2,66,Pos
mt,ch,0,48,Pos
mt,tr,1,53,Pos
mt,ae,0,57,Pos
mt,gb,8,56,Pos
mt,us,4,6,Pos
mu,au,-1,Neg
mu,ca,-4,19,Neg
mu,fr,6,12,Pos
mu,in,1,33,Pos
mu,ke,-1,6,Neg
mu,mg,0,4,Pos
mu,my,1,2,Pos
mu,za,0,33,Pos
mu,ae,-1,73,Neg
mu,gb,3,52,Pos
mu,us,9,4,Pos
mw,in,1,74,Pos
mw,za,2,39,Pos
mw,gb,15,85,Pos
mw,us,49,82,Pos
mx,ar,0,25,Pos
mx,au,0,9,Pos
mx,at,0,2,Pos
mx,be,0,2,Pos
mx,bo,0,Pos
mx,br,0,3,Pos
mx,ca,0,7,Pos
mx,cl,0,2,Pos
mx,cn,0,3,Pos
mx,co,0,8,Pos
mx,cr,0,4,Pos
mx,cu,0,2,Pos
mx,dk,0,3,Pos
mx,do,0,3,Pos
mx,ec,0,4,Pos
mx,sv,0,2,Pos
mx,fi,0,Pos
mx,fr,0,4,Pos
mx,de,0,36,Pos
mx,gt,0,3,Pos
mx,hn,0,Pos
mx,hk,0,Pos
mx,in,0,2,Pos
mx,ie,0,5,Pos
mx,il,0,1,Pos
mx,it,0,5,Pos
mx,jp,0,Pos
mx,kr,0,Pos
mx,my,0,1,Pos
mx,nl,0,1,Pos
mx,nz,0,3,Pos
mx,ni,0,1,Pos
mx,no,0,2,Pos
mx,pa,0,Pos
mx,pe,0,5,Pos
mx,ph,0,3,Pos
mx,pl,0,1,Pos
mx,pt,0,1,Pos
mx,pr,0,3,Pos
mx,sa,0,2,Pos
mx,sg,0,3,Pos
mx,za,0,1,Pos
mx,es,2,13,Pos
mx,se,0,6,Pos
mx,ch,0,2,Pos
mx,th,0,1,Pos
mx,ae,0,4,Pos
mx,gb,0,24,Pos
mx,us,0,39,Pos
mx,uy,0,Pos
mx,ve,1,1,Pos
my,dz,0,6,Pos
my,au,0,61,Pos
my,bh,0,Pos
my,bd,0,26,Pos
my,be,0,2,Pos
my,br,0,2,Pos
my,kh,0,14,Pos
my,ca,0,47,Pos
my,cn,0,4,Pos
my,dk,0,11,Pos
my,eg,0,2,Pos
my,fr,0,26,Pos
my,de,0,34,Pos
my,hk,0,3,Pos
my,in,4,22,Pos
my,id,0,27,Pos
my,ir,-1,11,Neg
my,iq,0,25,Pos
my,ie,0,1,Pos
my,it,0,3,Pos
my,jp,0,2,Pos
my,jo,0,8,Pos
my,kz,0,2,Pos
my,kr,0,9,Pos
my,kw,0,5,Pos
my,mu,0,7,Pos
my,mx,0,2,Pos
my,mm,0,18,Pos
my,nl,0,14,Pos
my,nz,0,5,Pos
my,ng,0,47,Pos
my,no,0,Pos
my,om,0,3,Pos
my,pk,0,23,Pos
my,ph,0,64,Pos
my,qa,0,15,Pos
my,sa,0,84,Pos
my,sg,-7,77,Neg
my,za,0,4,Pos
my,es,0,7,Pos
my,lk,0,4,Pos
my,sd,0,11,Pos
my,se,0,2,Pos
my,ch,0,2,Pos
my,tw,0,2,Pos
my,th,0,14,Pos
my,tr,0,11,Pos
my,ae,0,7,Pos
my,gb,0,18,Pos
my,us,6,26,Pos
my,vn,0,13,Pos
my,ye,0,3,Pos
mz,br,0,55,Pos
mz,in,1,42,Pos
mz,pt,8,69,Pos
mz,za,6,47,Pos
mz,gb,4,87,Pos
mz,us,21,69,Pos
mz,zw,2,3,Pos
na,ao,-6,97,Neg
na,de,0,5,Pos
na,za,20,9,Pos
na,gb,6,72,Pos
na,us,22,39,Pos
na,zm,-2,99,Neg
na,zw,2,4,Pos
ng,ao,0,7,Pos
ng,au,0,49,Pos
ng,bj,0,1,Pos
ng,cm,0,6,Pos
ng,ca,-3,32,Neg
ng,cn,0,21,Pos
ng,ci,0,7,Pos
ng,cy,0,3,Pos
ng,eg,0,Pos
ng,fr,0,32,Pos
ng,de,0,15,Pos
ng,gh,0,35,Pos
ng,hk,0,98,Pos
ng,is,2,42,Pos
ng,in,1,56,Pos
ng,id,0,13,Pos
ng,ie,0,11,Pos
ng,it,0,5,Pos
ng,jp,0,35,Pos
ng,ke,0,23,Pos
ng,kr,0,5,Pos
ng,kw,0,31,Pos
ng,lb,0,1,Pos
ng,my,0,53,Pos
ng,nl,0,9,Pos
ng,no,3,66,Pos
ng,pk,0,1,Pos
ng,ph,0,5,Pos
ng,pl,1,4,Pos
ng,qa,0,19,Pos
ng,sa,0,19,Pos
ng,sg,0,1,Pos
ng,za,0,17,Pos
ng,es,0,4,Pos
ng,ch,0,7,Pos
ng,tz,0,8,Pos
ng,tr,0,18,Pos
ng,ug,0,4,Pos
ng,ua,0,11,Pos
ng,ae,-1,41,Neg
ng,gb,55,3,Pos
ng,us,37,12,Pos
ni,ca,0,49,Pos
ni,cr,0,98,Pos
ni,gt,0,93,Pos
ni,hn,0,2,Pos
ni,mx,0,25,Pos
ni,pa,0,64,Pos
ni,es,2,2,Pos
ni,us,7,38,Pos
nl,af,0,4,Pos
nl,al,0,Pos
nl,ar,0,11,Pos
nl,au,0,17,Pos
nl,at,0,2,Pos
nl,az,0,1,Pos
nl,bd,0,2,Pos
nl,be,0,87,Pos
nl,br,0,39,Pos
nl,bg,0,9,Pos
nl,kh,0,3,Pos
nl,ca,0,3,Pos
nl,cl,0,3,Pos
nl,cn,0,4,Pos
nl,co,0,1,Pos
nl,cr,0,1,Pos
nl,hr,0,7,Pos
nl,cy,0,1,Pos
nl,cz,0,13,Pos
nl,dk,0,1,Pos
nl,ec,0,1,Pos
nl,eg,0,1,Pos
nl,ee,0,1,Pos
nl,et,0,4,Pos
nl,fi,0,1,Pos
nl,fr,0,44,Pos
nl,de,-1,11,Neg
nl,gh,0,1,Pos
nl,gr,0,41,Pos
nl,hk,0,1,Pos
nl,hu,0,18,Pos
nl,in,1,78,Pos
nl,id,0,1,Pos
nl,ir,0,28,Pos
nl,iq,0,3,Pos
nl,ie,0,22,Pos
nl,il,0,9,Pos
nl,it,1,7,Pos
nl,jp,0,3,Pos
nl,jo,0,1,Pos
nl,kz,0,1,Pos
nl,ke,0,4,Pos
nl,kr,0,6,Pos
nl,lv,0,2,Pos
nl,lb,0,5,Pos
nl,lt,0,3,Pos
nl,lu,0,17,Pos
nl,mk,0,7,Pos
nl,my,0,6,Pos
nl,mt,0,5,Pos
nl,mx,0,13,Pos
nl,ma,0,1,Pos
nl,np,0,2,Pos
nl,nz,0,7,Pos
nl,ng,0,4,Pos
nl,no,0,12,Pos
nl,om,0,1,Pos
nl,pk,0,1,Pos
nl,pa,0,Pos
nl,pe,0,3,Pos
nl,ph,0,2,Pos
nl,pl,0,18,Pos
nl,pt,0,22,Pos
nl,qa,0,5,Pos
nl,ro,0,35,Pos
nl,sa,0,6,Pos
nl,rs,0,1,Pos
nl,sg,0,8,Pos
nl,sk,0,2,Pos
nl,si,0,3,Pos
nl,za,0,13,Pos
nl,es,0,2,Pos
nl,se,0,18,Pos
nl,ch,0,61,Pos
nl,sy,0,8,Pos
nl,tw,0,3,Pos
nl,tz,0,2,Pos
nl,th,0,2,Pos
nl,tr,0,39,Pos
nl,ug,0,3,Pos
nl,ua,0,31,Pos
nl,ae,0,41,Pos
nl,gb,0,55,Pos
nl,us,0,53,Pos
nl,ve,0,7,Pos
nl,vn,0,3,Pos
no,au,0,67,Pos
no,at,0,12,Pos
no,bd,0,32,Pos
no,be,0,18,Pos
no,br,0,2,Pos
no,bg,0,9,Pos
no,ca,0,16,Pos
no,cn,0,5,Pos
no,hr,0,28,Pos
no,cz,0,6,Pos
no,dk,0,69,Pos
no,eg,0,1,Pos
no,ee,0,4,Pos
no,et,0,18,Pos
no,fi,0,4,Pos
no,fr,0,52,Pos
no,de,0,15,Pos
no,gh,-1,58,Neg
no,gr,0,39,Pos
no,hu,0,13,Pos
no,is,0,13,Pos
no,in,-1,43,Neg
no,id,0,27,Pos
no,ir,0,7,Pos
no,ie,0,14,Pos
no,it,0,64,Pos
no,jp,0,1,Pos
no,ke,-4,1,Neg
no,kr,0,27,Pos
no,lv,0,4,Pos
no,lt,0,8,Pos
no,my,0,1,Pos
no,mx,0,1,Pos
no,np,0,6,Pos
no,nl,0,53,Pos
no,nz,0,4,Pos
no,ng,-6,24,Neg
no,pk,0,35,Pos
no,ph,0,2,Pos
no,pl,0,83,Pos
no,pt,0,48,Pos
no,ro,0,31,Pos
no,rs,0,64,Pos
no,sg,0,Pos
no,za,-3,42,Neg
no,es,0,55,Pos
no,se,0,46,Pos
no,ch,0,1,Pos
no,tz,0,51,Pos
no,th,0,2,Pos
no,tr,0,19,Pos
no,ug,0,28,Pos
no,ua,0,8,Pos
no,ae,0,25,Pos
no,gb,0,94,Pos
no,us,2,44,Pos
no,zw,0,66,Pos
np,au,-6,74,Neg
np,ca,-3,11,Neg
np,cn,0,57,Pos
np,fr,0,27,Pos
np,de,0,12,Pos
np,in,6,38,Pos
np,nl,0,42,Pos
np,no,0,24,Pos
np,qa,0,87,Pos
np,th,0,15,Pos
np,ae,-1,56,Neg
np,gb,1,59,Pos
np,us,-1,74,Neg
nz,ar,0,81,Pos
nz,au,0,8,Pos
nz,at,0,1,Pos
nz,bd,0,35,Pos
nz,be,0,13,Pos
nz,br,1,67,Pos
nz,ca,0,31,Pos
nz,cl,0,7,Pos
nz,cn,2,92,Pos
nz,co,0,18,Pos
nz,cz,0,29,Pos
nz,dk,0,6,Pos
nz,fj,0,25,Pos
nz,fr,1,16,Pos
nz,de,0,21,Pos
nz,hk,0,15,Pos
nz,hu,0,15,Pos
nz,in,12,29,Pos
nz,id,0,41,Pos
nz,ir,0,54,Pos
nz,ie,0,3,Pos
nz,it,0,4,Pos
nz,jp,0,13,Pos
nz,kr,0,26,Pos
nz,my,0,95,Pos
nz,mx,0,18,Pos
nz,nl,0,32,Pos
nz,no,0,4,Pos
nz,pk,0,61,Pos
nz,pg,0,13,Pos
nz,ph,2,83,Pos
nz,pl,0,24,Pos
nz,qa,0,12,Pos
nz,sa,0,13,Pos
nz,sg,1,85,Pos
nz,za,4,31,Pos
nz,es,0,29,Pos
nz,lk,0,79,Pos
nz,se,0,7,Pos
nz,ch,0,14,Pos
nz,tw,0,6,Pos
nz,th,0,12,Pos
nz,tr,0,13,Pos
nz,ae,0,44,Pos
nz,gb,0,22,Pos
nz,us,4,88,Pos
nz,vn,0,13,Pos
om,au,-2,27,Neg
om,bh,0,Pos
om,ca,-3,1,Neg
om,cn,0,62,Pos
om,eg,1,3,Pos
om,fr,0,7,Pos
om,de,0,26,Pos
om,in,22,82,Pos
om,id,0,26,Pos
om,iq,0,4,Pos
om,jo,0,84,Pos
om,kw,0,11,Pos
om,lb,0,7,Pos
om,my,0,26,Pos
om,nl,0,11,Pos
om,pk,2,75,Pos
om,ph,0,7,Pos
om,qa,-6,35,Neg
om,sa,0,88,Pos
om,sg,0,73,Pos
om,za,0,37,Pos
om,es,0,48,Pos
om,lk,0,11,Pos
om,tr,0,99,Pos
om,ae,-18,64,Neg
om,gb,0,81,Pos
om,us,9,58,Pos
pa,ar,1,61,Pos
pa,br,2,66,Pos
pa,ca,1,21,Pos
pa,cl,-1,24,Neg
pa,co,3,56,Pos
pa,cr,0,45,Pos
pa,do,1,Pos
pa,ec,0,95,Pos
pa,sv,0,77,Pos
pa,fr,0,71,Pos
pa,de,0,3,Pos
pa,gt,0,47,Pos
pa,it,0,92,Pos
pa,mx,0,5,Pos
pa,nl,0,5,Pos
pa,ni,0,34,Pos
pa,pe,0,8,Pos
pa,es,3,4,Pos
pa,ch,0,63,Pos
pa,gb,0,26,Pos
pa,us,8,92,Pos
pa,ve,60,58,Pos
pe,ar,0,37,Pos
pe,au,0,16,Pos
pe,be,0,1,Pos
pe,bo,0,Pos
pe,br,0,41,Pos
pe,ca,0,5,Pos
pe,cl,0,11,Pos
pe,cn,0,2,Pos
pe,co,0,35,Pos
pe,cr,0,2,Pos
pe,do,0,1,Pos
pe,ec,0,9,Pos
pe,fr,0,5,Pos
pe,de,0,7,Pos
pe,it,0,11,Pos
pe,mx,0,15,Pos
pe,nl,0,6,Pos
pe,pa,0,1,Pos
pe,es,1,68,Pos
pe,ch,0,Pos
pe,gb,0,18,Pos
pe,us,3,93,Pos
pe,uy,0,1,Pos
pe,ve,1,32,Pos
pg,au,45,58,Pos
pg,in,1,5,Pos
pg,nz,1,93,Pos
pg,ph,3,97,Pos
pg,us,29,81,Pos
ph,au,-2,1,Neg
ph,bh,0,18,Pos
ph,be,0,3,Pos
ph,br,0,2,Pos
ph,kh,0,3,Pos
ph,ca,-2,91,Neg
ph,cn,0,2,Pos
ph,dk,0,3,Pos
ph,fr,0,1,Pos
ph,de,0,19,Pos
ph,hk,0,3,Pos
ph,in,0,44,Pos
ph,id,0,11,Pos
ph,ie,0,7,Pos
ph,it,0,3,Pos
ph,jp,0,21,Pos
ph,kr,0,1,Pos
ph,kw,0,19,Pos
ph,my,0,49,Pos
ph,mt,0,6,Pos
ph,mx,0,7,Pos
ph,mm,0,15,Pos
ph,nl,0,4,Pos
ph,nz,-1,15,Neg
ph,ng,0,4,Pos
ph,no,0,8,Pos
ph,om,0,6,Pos
ph,pg,0,11,Pos
ph,qa,-1,64,Neg
ph,sa,-2,69,Neg
ph,sg,-1,35,Neg
ph,za,0,4,Pos
ph,es,0,Pos
ph,se,0,5,Pos
ph,ch,0,1,Pos
ph,tw,0,8,Pos
ph,th,0,1,Pos
ph,tr,0,1,Pos
ph,ae,-7,83,Neg
ph,gb,0,36,Pos
ph,us,1,98,Pos
ph,vn,0,11,Pos
pk,af,0,23,Pos
pk,au,-3,2,Neg
pk,bh,0,59,Pos
pk,be,0,7,Pos
pk,ca,-3,46,Neg
pk,cn,0,45,Pos
pk,dk,0,14,Pos
pk,fi,0,16,Pos
pk,fr,0,1,Pos
pk,de,-1,12,Neg
pk,hk,0,3,Pos
pk,in,0,7,Pos
pk,iq,0,15,Pos
pk,ie,0,7,Pos
pk,it,0,18,Pos
pk,jp,0,2,Pos
pk,kr,0,19,Pos
pk,kw,0,1,Pos
pk,my,0,2,Pos
pk,nl,0,1,Pos
pk,nz,0,28,Pos
pk,ng,0,1,Pos
pk,no,0,16,Pos
pk,om,0,25,Pos
pk,qa,0,95,Pos
pk,sa,-7,99,Neg
pk,sg,0,9,Pos
pk,za,0,1,Pos
pk,es,0,8,Pos
pk,se,0,13,Pos
pk,th,0,1,Pos
pk,tr,0,9,Pos
pk,ae,-19,13,Neg
pk,gb,0,1,Pos
pk,us,5,19,Pos
pl,au,0,73,Pos
pl,at,0,28,Pos
pl,by,0,51,Pos
pl,be,0,8,Pos
pl,br,0,37,Pos
pl,bg,0,12,Pos
pl,ca,0,16,Pos
pl,cn,0,8,Pos
pl,hr,0,11,Pos
pl,cz,0,Pos
pl,dk,0,15,Pos
pl,eg,0,14,Pos
pl,fi,0,5,Pos
pl,fr,0,65,Pos
pl,de,-2,9,Neg
pl,gr,0,21,Pos
pl,hu,0,1,Pos
pl,in,-1,49,Neg
pl,ie,0,37,Pos
pl,it,0,9,Pos
pl,jp,0,6,Pos
pl,kr,0,9,Pos
pl,lt,0,8,Pos
pl,lu,0,4,Pos
pl,mt,0,2,Pos
pl,mx,0,7,Pos
pl,nl,0,6,Pos
pl,nz,0,19,Pos
pl,ng,-1,36,Neg
pl,no,0,63,Pos
pl,pt,0,22,Pos
pl,qa,0,8,Pos
pl,ro,0,19,Pos
pl,sa,0,13,Pos
pl,sg,0,3,Pos
pl,sk,0,5,Pos
pl,za,0,19,Pos
pl,es,0,31,Pos
pl,se,0,7,Pos
pl,ch,-1,6,Neg
pl,th,0,5,Pos
pl,tr,0,3,Pos
pl,ua,7,42,Pos
pl,ae,0,73,Pos
pl,gb,-6,48,Neg
pl,us,2,52,Pos
pr,do,0,21,Pos
pr,mx,0,52,Pos
pr,es,0,75,Pos
pr,us,-37,1,Neg
ps,de,-1,29,Neg
ps,il,23,38,Pos
ps,jo,-3,23,Neg
ps,sa,-7,2,Neg
ps,ae,-17,47,Neg
ps,gb,0,92,Pos
ps,us,11,46,Pos
pt,ao,-2,69,Neg
pt,au,0,28,Pos
pt,at,0,1,Pos
pt,be,0,65,Pos
pt,br,5,62,Pos
pt,ca,0,11,Pos
pt,cl,0,6,Pos
pt,cn,0,3,Pos
pt,co,0,3,Pos
pt,cz,0,12,Pos
pt,dk,0,26,Pos
pt,fi,0,7,Pos
pt,fr,0,88,Pos
pt,de,-1,4,Neg
pt,hu,0,3,Pos
pt,in,0,18,Pos
pt,ie,0,68,Pos
pt,it,0,18,Pos
pt,lu,0,36,Pos
pt,mx,0,3,Pos
pt,mz,0,68,Pos
pt,nl,0,62,Pos
pt,no,0,32,Pos
pt,pl,0,19,Pos
pt,qa,0,16,Pos
pt,ro,0,5,Pos
pt,sa,0,13,Pos
pt,sg,0,2,Pos
pt,za,0,7,Pos
pt,es,0,77,Pos
pt,se,0,19,Pos
pt,ch,-1,53,Neg
pt,tr,0,7,Pos
pt,ae,0,66,Pos
pt,gb,-9,5,Neg
pt,us,0,66,Pos
pt,ve,0,43,Pos
py,ar,2,48,Pos
py,br,2,57,Pos
py,es,1,84,Pos
py,us,9,13,Pos
qa,dz,0,96,Pos
qa,au,0,68,Pos
qa,bh,1,35,Pos
qa,bd,0,65,Pos
qa,be,0,37,Pos
qa,br,0,63,Pos
qa,ca,-2,12,Neg
qa,cn,0,7,Pos
qa,dk,0,35,Pos
qa,eg,15,62,Pos
qa,fr,2,9,Pos
qa,de,0,15,Pos
qa,gr,1,46,Pos
qa,hk,0,2,Pos
qa,in,71,44,Pos
qa,id,1,55,Pos
qa,iq,0,7,Pos
qa,ie,0,48,Pos
qa,it,1,31,Pos
qa,jo,5,4,Pos
qa,ke,0,59,Pos
qa,kr,0,Pos
qa,kw,1,7,Pos
qa,lb,0,35,Pos
qa,my,0,83,Pos
qa,ma,1,46,Pos
qa,np,0,63,Pos
qa,nl,0,63,Pos
qa,nz,0,35,Pos
qa,ng,0,96,Pos
qa,om,3,77,Pos
qa,pk,6,17,Pos
qa,ph,12,Pos
qa,pl,0,33,Pos
qa,pt,0,7,Pos
qa,ro,1,57,Pos
qa,sa,7,68,Pos
qa,rs,0,79,Pos
qa,sg,0,15,Pos
qa,za,2,49,Pos
qa,es,2,6,Pos
qa,lk,6,28,Pos
qa,sd,0,65,Pos
qa,ch,0,2,Pos
qa,th,0,22,Pos
qa,tn,3,3,Pos
qa,tr,1,22,Pos
qa,ua,0,68,Pos
qa,ae,-12,48,Neg
qa,gb,8,9,Pos
qa,us,9,51,Pos
ro,au,0,31,Pos
ro,at,0,56,Pos
ro,be,-1,8,Neg
ro,bg,0,8,Pos
ro,ca,0,8,Pos
ro,cn,0,4,Pos
ro,cz,0,28,Pos
ro,dk,0,87,Pos
ro,eg,0,27,Pos
ro,fi,0,16,Pos
ro,fr,-1,65,Neg
ro,de,-4,18,Neg
ro,gr,0,12,Pos
ro,hu,0,77,Pos
ro,in,0,18,Pos
ro,ir,-4,99,Neg
ro,ie,-1,9,Neg
ro,it,0,29,Pos
ro,lu,0,67,Pos
ro,md,0,77,Pos
ro,nl,-1,23,Neg
ro,no,0,25,Pos
ro,pl,0,2,Pos
ro,pt,0,6,Pos
ro,qa,0,43,Pos
ro,sa,-7,37,Neg
ro,es,0,77,Pos
ro,se,0,5,Pos
ro,ch,0,44,Pos
ro,tr,0,1,Pos
ro,ua,0,14,Pos
ro,ae,-3,5,Neg
ro,gb,-14,6,Neg
ro,us,2,86,Pos
rs,au,0,83,Pos
rs,at,-2,14,Neg
rs,be,0,56,Pos
rs,ba,0,75,Pos
rs,ca,-2,3,Neg
rs,cn,0,49,Pos
rs,hr,0,34,Pos
rs,cz,0,43,Pos
rs,fr,0,9,Pos
rs,de,-5,19,Neg
rs,gr,0,26,Pos
rs,hu,-1,15,Neg
rs,it,-1,7,Neg
rs,nl,-1,22,Neg
rs,no,-1,86,Neg
rs,qa,0,77,Pos
rs,si,0,45,Pos
rs,es,0,15,Pos
rs,se,-1,15,Neg
rs,ch,-1,47,Neg
rs,ae,-3,4,Neg
rs,gb,0,2,Pos
rs,us,6,39,Pos
rw,ca,0,66,Pos
rw,cd,-14,76,Neg
rw,in,3,1,Pos
rw,ke,-1,32,Neg
rw,tz,0,94,Pos
rw,ug,1,32,Pos
rw,gb,3,1,Pos
rw,us,13,91,Pos
sa,dz,0,13,Pos
sa,au,0,97,Pos
sa,bh,0,52,Pos
sa,bd,0,14,Pos
sa,be,0,2,Pos
sa,br,0,11,Pos
sa,ca,0,38,Pos
sa,cn,0,14,Pos
sa,eg,12,76,Pos
sa,fr,0,45,Pos
sa,de,0,19,Pos
sa,gr,0,18,Pos
sa,in,23,94,Pos
sa,id,0,43,Pos
sa,iq,0,25,Pos
sa,ie,0,32,Pos
sa,it,0,21,Pos
sa,jp,0,9,Pos
sa,jo,4,66,Pos
sa,ke,0,5,Pos
sa,kr,0,6,Pos
sa,kw,0,25,Pos
sa,lb,2,1,Pos
sa,my,1,13,Pos
sa,mx,0,7,Pos
sa,ma,0,7,Pos
sa,nl,0,2,Pos
sa,nz,0,9,Pos
sa,ng,0,22,Pos
sa,om,0,12,Pos
sa,pk,12,35,Pos
sa,ph,4,69,Pos
sa,pl,0,12,Pos
sa,pt,0,14,Pos
sa,qa,-1,83,Neg
sa,ro,6,49,Pos
sa,sg,0,1,Pos
sa,za,0,97,Pos
sa,es,0,86,Pos
sa,lk,0,28,Pos
sa,sd,2,65,Pos
sa,se,0,21,Pos
sa,ch,0,17,Pos
sa,sy,0,36,Pos
sa,th,0,7,Pos
sa,tn,0,5,Pos
sa,tr,0,53,Pos
sa,ae,-3,5,Neg
sa,gb,5,9,Pos
sa,us,29,5,Pos
sa,ps,0,4,Pos
sa,ye,0,62,Pos
sd,eg,1,21,Pos
sd,in,1,8,Pos
sd,my,1,63,Pos
sd,qa,-1,81,Neg
sd,sa,-30,67,Neg
sd,ae,-10,6,Neg
sd,gb,0,18,Pos
sd,us,28,93,Pos
se,af,0,Pos
se,au,0,37,Pos
se,at,0,Pos
se,bd,0,6,Pos
se,be,0,13,Pos
se,br,0,58,Pos
se,bg,0,11,Pos
se,ca,0,6,Pos
se,cl,0,Pos
se,cn,0,61,Pos
se,co,0,6,Pos
se,hr,0,13,Pos
se,cz,0,12,Pos
se,dk,-1,33,Neg
se,eg,0,19,Pos
se,ee,0,4,Pos
se,fi,1,13,Pos
se,fr,0,9,Pos
se,de,0,2,Pos
se,gr,0,86,Pos
se,hk,0,Pos
se,hu,0,41,Pos
se,is,0,2,Pos
se,in,2,45,Pos
se,id,0,8,Pos
se,ir,0,15,Pos
se,iq,0,6,Pos
se,ie,0,13,Pos
se,il,0,8,Pos
se,it,1,5,Pos
se,jp,0,12,Pos
se,ke,0,3,Pos
se,kr,0,12,Pos
se,lv,0,2,Pos
se,lb,0,12,Pos
se,lt,0,1,Pos
se,lu,0,7,Pos
se,my,0,2,Pos
se,mt,0,14,Pos
se,mx,0,21,Pos
se,nl,0,47,Pos
se,nz,0,4,Pos
se,no,0,27,Pos
se,pk,0,17,Pos
se,ph,0,7,Pos
se,pl,0,5,Pos
se,pt,0,17,Pos
se,ro,0,37,Pos
se,sa,0,18,Pos
se,rs,0,24,Pos
se,sg,0,3,Pos
se,sk,0,3,Pos
se,za,0,8,Pos
se,es,0,74,Pos
se,ch,0,7,Pos
se,sy,0,5,Pos
se,tw,0,1,Pos
se,th,0,26,Pos
se,tr,0,52,Pos
se,ua,0,44,Pos
se,ae,0,Pos
se,gb,1,12,Pos
se,us,3,79,Pos
se,vn,0,5,Pos
sg,au,0,1,Pos
sg,at,0,2,Pos
sg,bd,0,21,Pos
sg,be,0,31,Pos
sg,br,0,56,Pos
sg,kh,0,2,Pos
sg,ca,-1,42,Neg
sg,cn,2,7,Pos
sg,cz,0,7,Pos
sg,dk,0,6,Pos
sg,fi,0,Pos
sg,fr,3,13,Pos
sg,de,0,36,Pos
sg,hk,1,15,Pos
sg,hu,0,5,Pos
sg,in,20,27,Pos
sg,id,-1,76,Neg
sg,ir,0,17,Pos
sg,ie,0,27,Pos
sg,il,0,2,Pos
sg,it,0,62,Pos
sg,jp,0,91,Pos
sg,kr,1,26,Pos
sg,lu,0,2,Pos
sg,my,12,32,Pos
sg,mx,0,13,Pos
sg,mm,-1,39,Neg
sg,nl,0,29,Pos
sg,nz,-1,55,Neg
sg,ng,0,1,Pos
sg,no,0,Pos
sg,om,0,12,Pos
sg,pk,0,17,Pos
sg,ph,2,8,Pos
sg,pl,0,4,Pos
sg,pt,0,2,Pos
sg,qa,0,4,Pos
sg,sa,0,1,Pos
sg,za,0,23,Pos
sg,es,0,39,Pos
sg,lk,0,46,Pos
sg,se,0,5,Pos
sg,ch,0,19,Pos
sg,tw,0,79,Pos
sg,th,0,14,Pos
sg,tr,0,7,Pos
sg,ae,-2,18,Neg
sg,gb,2,57,Pos
sg,us,1,76,Pos
sg,vn,0,25,Pos
si,at,-5,14,Neg
si,be,0,82,Pos
si,hr,0,23,Pos
si,fr,0,45,Pos
si,de,-3,77,Neg
si,it,0,55,Pos
si,nl,0,68,Pos
si,rs,0,96,Pos
si,es,0,41,Pos
si,ch,0,91,Pos
si,gb,-4,46,Neg
si,us,5,59,Pos
sk,au,-1,8,Neg
sk,at,-3,92,Neg
sk,be,0,26,Pos
sk,ca,0,9,Pos
sk,cz,-14,7,Neg
sk,dk,-1,43,Neg
sk,fr,0,3,Pos
sk,de,-2,16,Neg
sk,hu,0,94,Pos
sk,in,0,2,Pos
sk,ie,0,32,Pos
sk,it,0,12,Pos
sk,nl,0,38,Pos
sk,pl,0,26,Pos
sk,es,0,23,Pos
sk,se,0,23,Pos
sk,ch,-2,19,Neg
sk,tr,0,35,Pos
sk,ua,3,1,Pos
sk,ae,0,29,Pos
sk,gb,-1,34,Neg
sk,us,5,55,Pos
sn,be,0,18,Pos
sn,bj,0,74,Pos
sn,bf,0,28,Pos
sn,cm,0,4,Pos
sn,ca,-1,44,Neg
sn,ci,-1,16,Neg
sn,fr,3,38,Pos
sn,ga,-1,16,Neg
sn,it,1,16,Pos
sn,ml,0,4,Pos
sn,ma,0,63,Pos
sn,ch,0,7,Pos
sn,gb,0,21,Pos
sn,us,1,69,Pos
sv,ca,0,72,Pos
sv,co,0,4,Pos
sv,gt,5,18,Pos
sv,mx,0,58,Pos
sv,pa,-1,5,Neg
sv,es,1,1,Pos
sv,us,0,4,Pos
sy,ca,-3,64,Neg
sy,eg,0,74,Pos
sy,fr,-2,44,Neg
sy,de,-12,73,Neg
sy,iq,-2,95,Neg
sy,jo,0,17,Pos
sy,lb,-2,95,Neg
sy,nl,-2,73,Neg
sy,sa,-3,92,Neg
sy,se,-6,48,Neg
sy,tr,-10,23,Neg
sy,ae,-13,81,Neg
sy,gb,-1,19,Neg
sy,us,7,73,Pos
tg,ci,0,97,Pos
tg,fr,-2,71,Neg
tg,gh,0,32,Pos
tg,us,-1,41,Neg
th,au,0,83,Pos
th,at,0,8,Pos
th,bd,0,3,Pos
th,be,0,18,Pos
th,br,0,18,Pos
th,kh,0,26,Pos
th,ca,0,18,Pos
th,cn,0,86,Pos
th,dk,0,18,Pos
th,fi,0,11,Pos
th,fr,0,66,Pos
th,de,0,66,Pos
th,hk,0,2,Pos
th,in,1,8,Pos
th,id,0,1,Pos
th,ie,0,2,Pos
th,il,0,1,Pos
th,it,0,27,Pos
th,jp,0,5,Pos
th,kr,0,Pos
th,my,0,29,Pos
th,mx,0,9,Pos
th,mm,-1,52,Neg
th,np,0,4,Pos
th,nl,0,11,Pos
th,nz,0,13,Pos
th,no,0,22,Pos
th,pk,0,3,Pos
th,ph,0,26,Pos
th,pl,0,6,Pos
th,qa,0,8,Pos
th,sa,0,1,Pos
th,sg,0,18,Pos
th,za,0,2,Pos
th,es,0,8,Pos
th,lk,0,1,Pos
th,se,0,48,Pos
th,ch,0,9,Pos
th,tw,0,2,Pos
th,tr,0,1,Pos
th,ua,0,3,Pos
th,ae,0,22,Pos
th,gb,1,49,Pos
th,us,5,35,Pos
th,vn,0,9,Pos
tn,dz,0,Pos
tn,be,0,16,Pos
tn,ca,-4,45,Neg
tn,ci,-2,71,Neg
tn,fr,-18,98,Neg
tn,de,-2,29,Neg
tn,it,0,21,Pos
tn,ly,0,16,Pos
tn,ma,0,79,Pos
tn,qa,-2,4,Neg
tn,sa,-1,65,Neg
tn,es,0,28,Pos
tn,ch,0,67,Pos
tn,tr,0,53,Pos
tn,ae,-1,29,Neg
tn,gb,0,9,Pos
tn,us,1,69,Pos
tr,af,0,3,Pos
tr,al,0,Pos
tr,dz,0,12,Pos
tr,au,0,28,Pos
tr,at,0,7,Pos
tr,az,0,21,Pos
tr,bd,0,1,Pos
tr,by,0,1,Pos
tr,be,0,1,Pos
tr,ba,0,5,Pos
tr,br,0,5,Pos
tr,bg,0,9,Pos
tr,ca,0,4,Pos
tr,cn,0,1,Pos
tr,cy,0,85,Pos
tr,cz,0,1,Pos
tr,dk,0,8,Pos
tr,eg,0,22,Pos
tr,et,0,7,Pos
tr,fi,0,8,Pos
tr,fr,0,16,Pos
tr,ge,0,5,Pos
tr,de,-1,3,Neg
tr,gr,0,11,Pos
tr,hk,0,2,Pos
tr,hu,0,2,Pos
tr,in,0,13,Pos
tr,id,0,2,Pos
tr,ir,0,25,Pos
tr,iq,0,5,Pos
tr,ie,0,18,Pos
tr,il,0,6,Pos
tr,it,0,25,Pos
tr,jp,0,5,Pos
tr,jo,0,12,Pos
tr,kz,0,1,Pos
tr,kr,0,2,Pos
tr,kw,0,6,Pos
tr,lb,0,11,Pos
tr,ly,0,7,Pos
tr,lt,0,1,Pos
tr,mk,0,Pos
tr,my,0,7,Pos
tr,mt,0,4,Pos
tr,ma,0,9,Pos
tr,nl,0,52,Pos
tr,nz,0,4,Pos
tr,ng,0,9,Pos
tr,no,0,6,Pos
tr,om,0,6,Pos
tr,pk,0,6,Pos
tr,ph,0,1,Pos
tr,pl,0,12,Pos
tr,pt,0,3,Pos
tr,qa,0,13,Pos
tr,ro,0,Pos
tr,sa,0,23,Pos
tr,sg,0,2,Pos
tr,sk,0,3,Pos
tr,za,0,Pos
tr,es,0,18,Pos
tr,se,0,27,Pos
tr,ch,0,5,Pos
tr,sy,0,41,Pos
tr,th,0,3,Pos
tr,tn,0,7,Pos
tr,ua,0,15,Pos
tr,ae,0,64,Pos
tr,gb,0,25,Pos
tr,us,2,79,Pos
tr,uz,0,4,Pos
tt,ca,0,15,Pos
tt,jm,0,8,Pos
tt,gb,0,87,Pos
tt,us,4,36,Pos
tw,au,0,23,Pos
tw,be,0,1,Pos
tw,ca,0,33,Pos
tw,cn,-6,42,Neg
tw,fr,0,1,Pos
tw,de,0,3,Pos
tw,hk,-1,55,Neg
tw,in,0,74,Pos
tw,id,0,31,Pos
tw,ie,0,3,Pos
tw,it,0,7,Pos
tw,jp,0,17,Pos
tw,kr,0,11,Pos
tw,my,0,4,Pos
tw,nl,0,14,Pos
tw,nz,0,7,Pos
tw,ph,0,22,Pos
tw,sg,-1,11,Neg
tw,za,0,6,Pos
tw,es,0,4,Pos
tw,se,0,3,Pos
tw,ch,0,9,Pos
tw,th,0,2,Pos
tw,ae,0,1,Pos
tw,gb,0,32,Pos
tw,us,-3,76,Neg
tw,vn,0,43,Pos
tz,au,0,45,Pos
tz,ca,0,37,Pos
tz,cn,0,8,Pos
tz,fr,0,13,Pos
tz,de,0,13,Pos
tz,in,5,87,Pos
tz,it,0,58,Pos
tz,ke,0,6,Pos
tz,nl,0,26,Pos
tz,ng,0,5,Pos
tz,no,1,81,Pos
tz,rw,0,26,Pos
tz,za,1,1,Pos
tz,ug,0,16,Pos
tz,ae,0,24,Pos
tz,gb,3,33,Pos
tz,us,29,6,Pos
tz,zm,0,21,Pos
ua,au,0,53,Pos
ua,at,0,54,Pos
ua,az,0,7,Pos
ua,by,0,75,Pos
ua,be,0,37,Pos
ua,bg,0,29,Pos
ua,ca,-2,8,Neg
ua,cn,0,59,Pos
ua,cy,0,28,Pos
ua,cz,0,59,Pos
ua,dk,0,33,Pos
ua,eg,0,3,Pos
ua,ee,0,67,Pos
ua,fr,0,76,Pos
ua,ge,0,13,Pos
ua,de,-3,92,Neg
ua,gr,0,8,Pos
ua,hu,0,44,Pos
ua,in,0,11,Pos
ua,ie,0,35,Pos
ua,il,-1,9,Neg
ua,it,0,5,Pos
ua,kz,0,48,Pos
ua,lv,0,37,Pos
ua,lt,0,28,Pos
ua,md,0,9,Pos
ua,nl,-1,27,Neg
ua,ng,0,17,Pos
ua,no,0,8,Pos
ua,pl,-9,1,Neg
ua,qa,0,21,Pos
ua,ro,0,17,Pos
ua,sk,0,71,Pos
ua,es,0,72,Pos
ua,se,0,7,Pos
ua,ch,0,53,Pos
ua,th,0,26,Pos
ua,tr,0,45,Pos
ua,ae,-2,31,Neg
ua,gb,-1,21,Neg
ua,us,-3,3,Neg
ug,ca,0,45,Pos
ug,cn,0,68,Pos
ug,cd,0,53,Pos
ug,de,0,5,Pos
ug,in,1,95,Pos
ug,ke,-1,1,Neg
ug,nl,0,43,Pos
ug,ng,0,23,Pos
ug,no,0,95,Pos
ug,rw,0,35,Pos
ug,za,1,15,Pos
ug,tz,0,15,Pos
ug,ae,0,95,Pos
ug,gb,2,3,Pos
ug,us,20,1,Pos
us,af,0,2,Pos
us,al,0,1,Pos
us,dz,0,1,Pos
us,ao,0,4,Pos
us,ar,0,8,Pos
us,am,0,Pos
us,au,0,2,Pos
us,at,0,1,Pos
us,az,0,1,Pos
us,bs,0,1,Pos
us,bh,0,1,Pos
us,bd,0,8,Pos
us,by,0,Pos
us,be,0,2,Pos
us,bj,0,1,Pos
us,bo,0,1,Pos
us,ba,0,1,Pos
us,bw,0,1,Pos
us,br,0,85,Pos
us,bg,0,2,Pos
us,bf,0,1,Pos
us,kh,0,2,Pos
us,cm,0,1,Pos
us,ca,0,8,Pos
us,cl,0,13,Pos
us,cn,0,21,Pos
us,co,0,18,Pos
us,cd,0,4,Pos
us,cr,0,3,Pos
us,ci,0,1,Pos
us,hr,0,3,Pos
us,cu,0,1,Pos
us,cy,0,1,Pos
us,cz,0,3,Pos
us,dk,0,3,Pos
us,do,0,Pos
us,ec,0,8,Pos
us,eg,0,14,Pos
us,sv,0,Pos
us,ee,0,1,Pos
us,et,0,4,Pos
us,fj,0,1,Pos
us,fi,0,2,Pos
us,fr,0,1,Pos
us,ga,0,1,Pos
us,ge,0,3,Pos
us,de,0,17,Pos
us,gh,0,1,Pos
us,gr,0,4,Pos
us,gt,0,2,Pos
us,ht,0,1,Pos
us,hn,0,1,Pos
us,hk,0,6,Pos
us,hu,0,3,Pos
us,is,0,1,Pos
us,in,0,65,Pos
us,id,0,73,Pos
us,ir,0,5,Pos
us,iq,0,4,Pos
us,ie,0,4,Pos
us,il,0,Pos
us,it,0,1,Pos
us,jm,0,1,Pos
us,jp,0,4,Pos
us,jo,0,2,Pos
us,kz,0,1,Pos
us,ke,0,38,Pos
us,kr,0,4,Pos
us,kw,0,3,Pos
us,lv,0,1,Pos
us,lb,0,3,Pos
us,ly,0,1,Pos
us,lt,0,1,Pos
us,lu,0,1,Pos
us,mk,0,Pos
us,mg,0,1,Pos
us,mw,0,4,Pos
us,my,0,13,Pos
us,ml,0,1,Pos
us,mt,0,Pos
us,mu,0,1,Pos
us,mx,0,3,Pos
us,md,0,1,Pos
us,mn,0,1,Pos
us,ma,0,6,Pos
us,mz,0,3,Pos
us,mm,0,2,Pos
us,na,0,2,Pos
us,np,0,Pos
us,nl,0,3,Pos
us,nz,0,5,Pos
us,ni,0,1,Pos
us,ng,0,7,Pos
us,no,0,3,Pos
us,om,0,2,Pos
us,pk,0,13,Pos
us,pa,0,3,Pos
us,pg,0,2,Pos
us,py,0,2,Pos
us,pe,0,9,Pos
us,ph,0,5,Pos
us,pl,0,4,Pos
us,pt,0,1,Pos
us,pr,0,14,Pos
us,qa,0,4,Pos
us,ro,0,4,Pos
us,rw,0,1,Pos
us,sa,0,45,Pos
us,sn,0,Pos
us,rs,0,2,Pos
us,sg,0,2,Pos
us,sk,0,2,Pos
us,si,0,1,Pos
us,za,0,78,Pos
us,es,0,2,Pos
us,lk,0,4,Pos
us,sd,0,4,Pos
us,se,0,7,Pos
us,ch,0,4,Pos
us,sy,0,1,Pos
us,tw,0,4,Pos
us,tz,0,9,Pos
us,th,0,5,Pos
us,tg,0,Pos
us,tt,0,1,Pos
us,tn,0,1,Pos
us,tr,0,1,Pos
us,ug,0,7,Pos
us,ua,0,4,Pos
us,ae,0,33,Pos
us,gb,0,75,Pos
us,uy,0,3,Pos
us,uz,0,Pos
us,ve,0,2,Pos
us,vn,0,2,Pos
us,ps,0,1,Pos
us,ye,0,Pos
us,zm,0,6,Pos
us,zw,0,1,Pos
uy,ar,0,53,Pos
uy,br,0,89,Pos
uy,cl,0,36,Pos
uy,co,0,17,Pos
uy,cu,1,33,Pos
uy,fr,0,11,Pos
uy,de,0,Pos
uy,mx,0,6,Pos
uy,pe,0,8,Pos
uy,es,1,1,Pos
uy,gb,0,2,Pos
uy,us,6,73,Pos
uy,ve,4,83,Pos
uz,kz,0,49,Pos
uz,tr,-2,35,Neg
uz,ae,-6,92,Neg
uz,gb,4,57,Pos
uz,us,-1,23,Neg
ve,ar,-4,34,Neg
ve,au,0,48,Pos
ve,br,0,4,Pos
ve,ca,0,46,Pos
ve,cl,-11,9,Neg
ve,cn,0,11,Pos
ve,co,-7,83,Neg
ve,cr,-1,1,Neg
ve,do,0,73,Pos
ve,ec,-4,6,Neg
ve,fr,0,45,Pos
ve,de,0,69,Pos
ve,gt,0,26,Pos
ve,ie,0,19,Pos
ve,it,0,49,Pos
ve,mx,-3,77,Neg
ve,nl,0,18,Pos
ve,pa,-10,65,Neg
ve,pe,-1,73,Neg
ve,pt,0,41,Pos
ve,es,-9,93,Neg
ve,ae,0,12,Pos
ve,gb,0,89,Pos
ve,us,-1,36,Neg
ve,uy,-1,6,Neg
vn,au,0,76,Pos
vn,be,0,8,Pos
vn,kh,-1,42,Neg
vn,ca,0,97,Pos
vn,cn,0,75,Pos
vn,dk,0,2,Pos
vn,fi,0,33,Pos
vn,fr,1,43,Pos
vn,de,0,23,Pos
vn,hk,0,14,Pos
vn,in,0,99,Pos
vn,id,0,17,Pos
vn,ie,0,Pos
vn,it,0,3,Pos
vn,jp,0,23,Pos
vn,kr,0,54,Pos
vn,my,0,3,Pos
vn,mm,0,1,Pos
vn,nl,0,18,Pos
vn,nz,0,17,Pos
vn,ph,0,34,Pos
vn,sg,0,38,Pos
vn,es,0,2,Pos
vn,se,0,1,Pos
vn,ch,0,17,Pos
vn,tw,0,46,Pos
vn,th,0,1,Pos
vn,ae,0,14,Pos
vn,gb,1,32,Pos
vn,us,2,18,Pos
ye,eg,0,51,Pos
ye,in,0,51,Pos
ye,my,0,68,Pos
ye,sa,-10,27,Neg
ye,ae,-3,85,Neg
ye,us,4,19,Pos
za,af,0,12,Pos
za,ao,0,21,Pos
za,au,-2,14,Neg
za,at,0,Pos
za,bh,0,3,Pos
za,be,0,2,Pos
za,bw,0,21,Pos
za,br,0,4,Pos
za,cm,0,8,Pos
za,ca,0,54,Pos
za,cn,0,11,Pos
za,cd,0,47,Pos
za,dk,0,3,Pos
za,eg,0,3,Pos
za,et,0,3,Pos
za,fr,0,16,Pos
za,de,0,19,Pos
za,gh,0,5,Pos
za,hk,0,18,Pos
za,is,0,36,Pos
za,in,0,29,Pos
za,id,0,3,Pos
za,ie,0,2,Pos
za,il,0,6,Pos
za,it,0,4,Pos
za,jp,0,8,Pos
za,ke,0,39,Pos
za,kr,0,Pos
za,kw,0,6,Pos
za,mw,0,5,Pos
za,my,0,2,Pos
za,mu,0,1,Pos
za,mx,0,1,Pos
za,mz,0,23,Pos
za,na,0,56,Pos
za,nl,0,18,Pos
za,nz,-1,31,Neg
za,ng,0,9,Pos
za,no,1,4,Pos
za,om,0,2,Pos
za,pk,0,1,Pos
za,ph,0,3,Pos
za,pl,0,8,Pos
za,pt,0,3,Pos
za,qa,0,25,Pos
za,sa,0,42,Pos
za,sg,0,8,Pos
za,es,0,7,Pos
za,se,0,4,Pos
za,ch,0,9,Pos
za,tw,0,2,Pos
za,tz,0,9,Pos
za,th,0,1,Pos
za,tr,0,Pos
za,ug,0,1,Pos
za,ae,-1,32,Neg
za,gb,14,26,Pos
za,us,21,3,Pos
za,zm,0,38,Pos
za,zw,0,21,Pos
zm,au,0,93,Pos
zm,cn,0,Pos
zm,in,4,39,Pos
zm,ke,2,3,Pos
zm,na,1,76,Pos
zm,za,8,2,Pos
zm,tz,0,39,Pos
zm,gb,43,27,Pos
zm,us,33,6,Pos
zm,zw,-1,7,Neg
zw,au,-1,31,Neg
zw,bw,0,45,Pos
zw,ca,0,58,Pos
zw,is,8,52,Pos
zw,ke,0,13,Pos
zw,mz,-1,6,Neg
zw,na,0,93,Pos
zw,no,2,88,Pos
zw,za,-2,98,Neg
zw,ae,-2,5,Neg
zw,gb,3,91,Pos
zw,us,38,6,Pos
zw,zm,0,7,Pos
